{"stats":{"minecraft:killed_by":{"iceandfire:ice_dragon":44,"iceandfire:fire_dragon":1,"duneons:necromancer":1,"duneons:mountaineer":1},"minecraft:crafted":{"minecraft:oak_planks":72,"iceandfire:armor_sapphire_chestplate":1,"minecraft:cooked_chicken":6,"minecraft:cooked_mutton":5,"minecraft:chest":8,"sophisticatedbackpacks:backpack":1,"minecraft:crafting_table":5,"minecraft:spruce_planks":136,"minecraft:wooden_pickaxe":1,"minecraft:iron_helmet":1,"iceandfire:armor_white_boots":1,"minecraft:birch_planks":8,"iceandfire:armor_white_helmet":1,"minecraft:stick":24,"minecraft:iron_ingot":3,"minecraft:iron_pickaxe":2,"iceandfire:armor_white_chestplate":1,"minecraft:stone_shovel":1,"minecraft:furnace":1,"minecraft:iron_axe":2,"minecraft:stone_pickaxe":1,"minecraft:spruce_boat":1,"sophisticatedbackpacks:iron_backpack":1,"minecraft:wheat":18,"sophisticatedbackpacks:gold_backpack":1,"minecraft:stone_axe":1,"minecraft:bread":6,"minecraft:air":0,"iceandfire:armor_white_leggings":1,"minecraft:white_bed":1},"minecraft:broken":{"duneons:crumsoncoresword":1,"minecraft:iron_pickaxe":1},"minecraft:mined":{"minecraft:white_bed":1,"minecraft:spruce_planks":3,"duneons:darkstonebricks":3,"duneons:ashblock":1,"duneons:charredstone":8,"duneons:brownbook_3":1,"minecraft:grass_block":28,"duneons:dungeonbarrel":1,"duneons:supportbeam":1,"minecraft:chiseled_stone_bricks":2,"duneons:cornbox":1,"duneons:lightbook_2":1,"duneons:redgoldvangard":2,"duneons:biggrasscreeper":1,"minecraft:tall_seagrass":1,"duneons:goldblockchiseledslab":1,"duneons:charredgrassblock":1,"duneons:monstera":1,"minecraft:iron_ore":31,"duneons:fencestraight":1,"duneons:tablebook":1,"duneons:firepumkin":1,"minecraft:oak_stairs":1,"minecraft:iron_bars":1,"duneons:desertvase":1,"duneons:urn_loot_big_red":1,"farmersdelight:wild_potatoes":3,"duneons:dustybookshelf":2,"duneons:claycap":1,"iceandfire:dragon_ice_spikes":4,"duneons:lightbook":1,"minecraft:torch":14,"minecraft:chest":1,"iceandfire:frozen_dirt":8,"iceandfire:sapphire_ore":8,"minecraft:cobblestone":20,"duneons:sanctumstonepatterned":1,"duneons:azure_crystal":2,"minecraft:wall_torch":14,"duneons:goldchest":1,"minecraft:birch_log":1,"duneons:emeraldchest":1,"duneons:creeperwoodstallgrass":7,"minecraft:stone_brick_stairs":5,"minecraft:grass":13,"minecraft:oak_log":18,"duneons:supportbeamwood":1,"duneons:sanctumstone":2,"duneons:icecracked":1,"minecraft:dirt":53,"duneons:bluebook_2":1,"duneons:lobbydirtystone":1,"duneons:dungeonscharreddirt":31,"minecraft:oak_leaves":14,"minecraft:deepslate":141,"duneons:tombstone":1,"minecraft:diamond_ore":1,"minecraft:tuff":22,"duneons:bluevangardvase":1,"iceandfire:silver_ore":4,"duneons:ruingolem_4":1,"minecraft:deepslate_diamond_ore":2,"duneons:bigferncreeperwoods":1,"iceandfire:frozen_cobblestone":2,"duneons:skeletonbricker":1,"gravestone:gravestone":44,"duneons:driedhaybales":1,"iceandfire:frozen_stone":1,"iceandfire:frozen_grass":1,"duneons:sanctumstonepatternedgildedtop":1,"duneons:highlandtallgrass":3,"minecraft:spruce_leaves":8,"minecraft:large_fern":1,"minecraft:hay_block":2,"duneons:anvilwithhammer":1,"minecraft:furnace":4,"duneons:stackofbooks":1,"minecraft:andesite":8,"duneons:books":1,"minecraft:bookshelf":14,"minecraft:deepslate_iron_ore":7,"duneons:loot_biggrey":2,"minecraft:stone":288,"duneons:andesitebreked":1,"minecraft:glass_pane":3,"duneons:redbook_3":1,"duneons:bookshelfvangard":3,"iceandfire:frozen_gravel":2,"minecraft:crafting_table":6,"duneons:brikercolon":1,"duneons:greenoutpostbricks":4,"duneons:settlementtilesside":1,"duneons:dustdiamond":1,"minecraft:tall_grass":6,"minecraft:copper_ore":3,"duneons:naturalcandle":1,"duneons:bluebook":1,"duneons:bookshelfdun":4,"supplementaries:urn":2,"duneons:blockchest":2,"minecraft:birch_planks":1,"duneons:wrapped_gift":1,"duneons:brownbook":2,"duneons:whitespideregg":2,"minecraft:sweet_berry_bush":9,"minecraft:ice":16,"minecraft:spruce_log":35,"duneons:windhole":1,"minecraft:coal_ore":1,"minecraft:gravel":1,"minecraft:cobweb":1,"minecraft:stone_bricks":17,"minecraft:polished_andesite":6,"minecraft:mossy_stone_bricks":1},"minecraft:dropped":{"duneons:miniredstonegolem":3,"minecraft:porkchop":1,"duneons:vangardcarpetblock":1,"minecraft:diamond":2,"duneons:fencebig":2,"duneons:charredgrassblock":3,"iceandfire:frozen_dirt":5,"iceandfire:ice_dragon_flesh":5,"minecraft:leather":1,"minecraft:rail":16,"minecraft:red_carpet":10,"minecraft:emerald":15,"minecraft:dirt":5,"iceandfire:armor_silver_metal_leggings":1,"duneons:firepumkin":1,"gravestone:obituary":53,"duneons:claycap":2,"minecraft:iron_pickaxe":1,"duneons:skeletonspear":1,"minecraft:white_wool":5,"duneons:royaleshield":1,"minecraft:gravel":1,"duneons:anvilwithhammer":1,"minecraft:stone_axe":2,"duneons:spookysword":1,"minecraft:lever":1,"duneons:goldblockchiseledslab":1,"minecraft:cobbled_deepslate":45,"minecraft:birch_sapling":1,"duneons:redgoldvangardcarpet":2,"minecraft:rotten_flesh":4,"iceandfire:frozen_stone":1,"duneons:dungeonbarrel":2,"minecraft:chiseled_stone_bricks":1,"supplementaries:flax_seeds":2,"supplementaries:ash":16,"iceandfire:armor_silver_metal_boots":1,"minecraft:gunpowder":1,"duneons:dagger":1,"minecraft:beetroot_seeds":4,"duneons:crumsoncoresword":1,"minecraft:powered_rail":1,"minecraft:stone_brick_stairs":3,"minecraft:egg":8,"farmersdelight:tomato_seeds":6,"minecraft:enchanted_book":1,"minecraft:iron_ingot":13,"iceandfire:dragonscales_sapphire":2,"minecraft:wheat_seeds":12,"duneons:dungeonscharredcobblestoneslab":1,"duneons:goatgear_chestplate":2,"duneons:frostwalker_helmet":1,"duneons:maidarmor_chestplate":1,"minecraft:diamond_leggings":1,"duneons:purplevangardpotion":1,"duneons:soul_scythe":1,"minecraft:iron_helmet":2,"minecraft:cobblestone":21,"duneons:ashblock":1,"iceandfire:frozen_gravel":2,"duneons:desertvase":1,"duneons:dungeonscharreddirt":32,"minecraft:golden_apple":2,"minecraft:stick":4,"minecraft:polished_andesite":1,"minecraft:cobweb":6,"duneons:monstera":1,"duneons:blockchest":1,"duneons:lobbydirtystone":1,"minecraft:torch":1,"minecraft:brown_wool":1,"duneons:darkstonebricks":2,"duneons:dungeonscharredcobblestone":59,"duneons:goatgear_helmet":1,"duneons:mountaineeraxeiron":1,"iceandfire:dragonscales_white":23,"duneons:redbookitem":3,"minecraft:string":2,"iceandfire:frozen_cobblestone":2,"minecraft:spruce_sapling":5,"iceandfire:dragonbone":1,"iceandfire:silver_nugget":6,"minecraft:sweet_berries":9,"duneons:greenswoed":1,"duneons:red_stone_golem_skull":3,"minecraft:raw_copper":10,"duneons:saber":1,"duneons:redgoldvangard":2,"minecraft:raw_iron":48,"duneons:magicwand":2,"duneons:icecracked":1,"duneons:whitespideregg":3,"iceandfire:dragon_skull_ice":1,"minecraft:pumpkin_seeds":2,"minecraft:suspicious_stew":2,"iceandfire:dragon_ice":1,"duneons:fencecorner":1,"minecraft:spruce_planks":1,"minecraft:andesite":5,"minecraft:oak_sapling":11,"duneons:supportbeam":2,"minecraft:stone_bricks":9,"minecraft:diamond_boots":1,"duneons:crystalblue":2,"minecraft:stone_pickaxe":1,"minecraft:wooden_pickaxe":3},"minecraft:custom":{"minecraft:interact_with_crafting_table":29,"minecraft:open_barrel":2,"minecraft:time_since_death":36342,"minecraft:damage_resisted":20,"minecraft:sprint_one_cm":559135,"minecraft:drop":241,"minecraft:talked_to_villager":4,"minecraft:play_time":212604,"minecraft:deaths":52,"minecraft:jump":6080,"minecraft:walk_on_water_one_cm":67216,"minecraft:interact_with_furnace":23,"minecraft:sleep_in_bed":2,"minecraft:waystone_activated":1,"minecraft:damage_dealt":37363,"minecraft:player_kills":1,"minecraft:crouch_one_cm":42879,"minecraft:mob_kills":151,"minecraft:walk_one_cm":441602,"minecraft:sneak_time":18356,"minecraft:walk_under_water_one_cm":34605,"minecraft:boat_one_cm":23625,"minecraft:total_world_time":212604,"minecraft:time_since_rest":36370,"minecraft:damage_absorbed":40,"minecraft:damage_taken":19368,"minecraft:trigger_trapped_chest":1,"minecraft:swim_one_cm":132234,"minecraft:fly_one_cm":1001079,"minecraft:open_chest":99,"minecraft:fall_one_cm":177132},"minecraft:picked_up":{"duneons:lobbydirtystone":1,"duneons:darkstonebricks":2,"minecraft:flower_pot":2,"minecraft:suspicious_stew":1,"duneons:supportbeam":2,"duneons:dagger":1,"minecraft:oak_stairs":1,"minecraft:enchanted_book":1,"minecraft:stone_brick_stairs":3,"duneons:redgoldvangard":2,"minecraft:string":4,"duneons:coin":5,"duneons:ashblock":1,"minecraft:raw_copper":10,"iceandfire:sea_serpent_scales_teal":7,"minecraft:gold_nugget":14,"minecraft:cobbled_deepslate":71,"minecraft:spruce_planks":77,"duneons:strengthenironpickaxe":1,"minecraft:iron_pickaxe":1,"iceandfire:frozen_gravel":2,"duneons:smallbow":3,"minecraft:furnace":4,"minecraft:tipped_arrow":1,"minecraft:stick":6,"duneons:bluebookitem":3,"minecraft:torch":71,"iceandfire:dragonscales_white":56,"minecraft:porkchop":38,"duneons:magicwand":3,"duneons:greenoutpostbricks":4,"duneons:saber":1,"duneons:frostwalker_helmet":1,"duneons:firepumkin":1,"iceandfire:armor_silver_metal_boots":1,"minecraft:rotten_flesh":14,"duneons:stackofbooks":1,"duneons:monstera":1,"duneons:soul_scythe":3,"farmersdelight:rope":2,"supplementaries:ash":16,"duneons:goldmace":1,"minecraft:iron_bars":1,"minecraft:cod":9,"minecraft:cobblestone":371,"minecraft:birch_log":2,"iceandfire:sapphire_gem":8,"duneons:crystalblue":2,"minecraft:feather":4,"minecraft:water_bucket":1,"minecraft:andesite":8,"minecraft:brown_wool":1,"minecraft:potato":3,"duneons:purplevangardpotion":3,"supplementaries:flax_seeds":2,"duneons:fencecorner":1,"duneons:golemruin":1,"duneons:scattermines":2,"minecraft:dirt":61,"duneons:emeraldchest":1,"duneons:sanctumstonepatterned":1,"minecraft:bone":15,"minecraft:wheat_seeds":13,"duneons:maidarmor_helmet":1,"minecraft:mossy_stone_bricks":1,"minecraft:powered_rail":1,"duneons:red_stone_golem_skull":3,"duneons:anvilwithhammer":1,"duneons:maidarmor_chestplate":1,"minecraft:cooked_porkchop":1,"duneons:fencebig":2,"iceandfire:dragonscales_sapphire":10,"duneons:dungeonscharredcobblestoneslab":2,"duneons:claycap":2,"duneons:vangardcarpetblock":1,"iceandfire:frozen_dirt":8,"minecraft:polished_andesite":1,"duneons:icecracked":1,"minecraft:diamond":5,"minecraft:spruce_boat":1,"minecraft:lever":1,"iceandfire:dragon_ice":1,"minecraft:bread":13,"minecraft:emerald":20,"minecraft:oak_sapling":11,"duneons:redbookitem":3,"iceandfire:silver_nugget":278,"iceandfire:raw_silver":4,"duneons:highlandberries":11,"minecraft:crafting_table":5,"minecraft:chicken":8,"minecraft:chest_minecart":1,"duneons:sanctumstone":2,"minecraft:wooden_pickaxe":2,"iceandfire:frozen_cobblestone":2,"gravestone:obituary":12,"iceandfire:frozen_grass":1,"iceandfire:frozen_stone":2,"duneons:whitespideregg":3,"duneons:goldchest":1,"iceandfire:bestiary":1,"minecraft:beef":25,"duneons:redgoldvangardcarpet":2,"iceandfire:armor_silver_metal_leggings":1,"duneons:bookshelfvangard":3,"duneons:brownbookitem":1,"minecraft:chest":1,"minecraft:birch_sapling":1,"duneons:bookshelfdun":5,"minecraft:egg":8,"minecraft:raw_iron":69,"iceandfire:dragonbone":13,"duneons:dustybookshelf":2,"farmersdelight:tomato_seeds":6,"duneons:skeletonspear":1,"iceandfire:dragon_skull_ice":1,"duneons:dungeonbarrel":3,"minecraft:arrow":11,"minecraft:beetroot_seeds":4,"duneons:desertvase":1,"minecraft:hay_block":2,"duneons:royaleshield":1,"minecraft:gold_ingot":3,"minecraft:mutton":30,"minecraft:glow_berries":4,"duneons:goatgear_chestplate":1,"minecraft:white_wool":15,"duneons:brownbook":3,"minecraft:rail":16,"duneons:dungeonscharreddirt":32,"iceandfire:sea_serpent_fang":1,"minecraft:leather":12,"minecraft:birch_planks":1,"minecraft:oak_log":18,"minecraft:gunpowder":2,"duneons:charredgrassblock":6,"minecraft:red_carpet":10,"minecraft:apple":10,"minecraft:stone_bricks":14,"duneons:crumsoncoresword":3,"minecraft:iron_ingot":10,"duneons:mountaineeraxeiron":2,"duneons:brikercolon":1,"iceandfire:armor_white_helmet":1,"duneons:blockchest":3,"minecraft:book":46,"duneons:keydiamond":2,"duneons:dungeonscharredcobblestone":72,"minecraft:sweet_berries":27,"minecraft:chiseled_stone_bricks":1,"duneons:andesitebreked":1,"duneons:goldblockchiseledslab":1,"minecraft:gravel":1,"duneons:spookysword":2,"minecraft:spruce_sapling":6,"minecraft:white_bed":1,"minecraft:spruce_log":34,"minecraft:spider_eye":1,"duneons:tablebook":1,"minecraft:pumpkin_seeds":2,"duneons:featherblue":2,"minecraft:stone_axe":1,"minecraft:iron_helmet":1,"iceandfire:ice_dragon_flesh":21,"duneons:keygold":1,"duneons:miniredstonegolem":4,"minecraft:coal":1},"minecraft:killed":{"minecraft:cave_spider":4,"duneons:mobspawner":1,"minecraft:spider":3,"duneons:wraith":5,"minecraft:skeleton":8,"minecraft:chicken":6,"duneons:redstonegolem":3,"minecraft:pig":15,"minecraft:creeper":3,"duneons:mountaineer":38,"minecraft:sheep":16,"minecraft:pillager":2,"minecraft:zombie":14,"minecraft:stray":2,"iceandfire:sea_serpent":1,"minecraft:cow":10,"duneons:windcaller":1,"duneons:pillagerarmorer":2,"duneons:pigchest":2,"duneons:squallgolem":4,"duneons:frozenzombie":7,"iceandfire:ghost":1,"iceandfire:ice_dragon":2},"minecraft:used":{"duneons:ravagergatewood_3":1,"minecraft:chest":8,"minecraft:iron_sword":4,"minecraft:mutton":25,"iceandfire:frozen_grass":1,"minecraft:spruce_boat":1,"duneons:dungeonscharredcobblestone":15,"minecraft:stone_bricks":5,"duneons:blockchest":2,"minecraft:furnace":5,"minecraft:potato":9,"minecraft:mossy_stone_bricks":1,"minecraft:stone_pickaxe":94,"minecraft:oak_planks":40,"minecraft:wooden_pickaxe":12,"minecraft:white_wool":7,"iceandfire:frozen_dirt":3,"minecraft:golden_apple":1,"duneons:strengthenironpickaxe":240,"minecraft:bread":33,"minecraft:andesite":3,"duneons:highlandberries":23,"sophisticatedbackpacks:iron_backpack":1,"duneons:saber":4,"minecraft:stone_shovel":12,"minecraft:spruce_planks":89,"minecraft:cooked_chicken":6,"minecraft:torch":67,"minecraft:dirt":13,"duneons:crumsoncoresword":210,"duneons:soul_scythe":99,"duneons:mountaineeraxeiron":3,"minecraft:iron_axe":69,"minecraft:beef":25,"minecraft:cobbled_deepslate":88,"minecraft:cooked_mutton":5,"minecraft:water_bucket":1,"minecraft:birch_planks":9,"duneons:spookysword":53,"minecraft:crafting_table":10,"minecraft:white_bed":2,"minecraft:cod":1,"minecraft:flower_pot":2,"minecraft:apple":14,"minecraft:iron_pickaxe":364,"minecraft:spruce_sapling":1,"minecraft:stone_axe":85,"minecraft:cobblestone":315,"duneons:skeletonspear":54,"minecraft:cooked_porkchop":1,"minecraft:porkchop":37,"duneons:andesitebreked":1,"minecraft:bucket":1}},"DataVersion":3465}