{"stats":{"minecraft:crafted":{"minecraft:stone_shovel":1,"minecraft:crafting_table":1,"minecraft:stick":8,"minecraft:spruce_planks":28,"minecraft:wooden_pickaxe":1,"minecraft:stone_pickaxe":1,"minecraft:white_bed":1,"minecraft:spruce_boat":1,"minecraft:stone_axe":1},"minecraft:mined":{"minecraft:white_bed":1,"iceandfire:silver_ore":2,"minecraft:sweet_berry_bush":3,"duneons:bookshelfvangard":1,"minecraft:spruce_log":14,"minecraft:stone_brick_stairs":1,"minecraft:crafting_table":4,"minecraft:bookshelf":4,"duneons:lobbydirtystone":1,"minecraft:copper_ore":3,"minecraft:stone_bricks":2,"minecraft:spruce_leaves":1,"duneons:dungeonscharreddirt":26,"minecraft:stone":82,"duneons:bookshelfdun":3},"minecraft:dropped":{"minecraft:cobblestone":6,"minecraft:spruce_sapling":1,"minecraft:stick":2},"minecraft:custom":{"minecraft:time_since_rest":8974,"minecraft:sprint_one_cm":36799,"minecraft:damage_taken":180,"minecraft:walk_one_cm":17850,"minecraft:mob_kills":11,"minecraft:drop":4,"minecraft:damage_dealt":780,"minecraft:swim_one_cm":7006,"minecraft:interact_with_crafting_table":9,"minecraft:fly_one_cm":37797,"minecraft:crouch_one_cm":3615,"minecraft:play_time":14604,"minecraft:sneak_time":2105,"minecraft:walk_under_water_one_cm":4051,"minecraft:boat_one_cm":23625,"minecraft:jump":237,"minecraft:walk_on_water_one_cm":2713,"minecraft:time_since_death":14604,"minecraft:sleep_in_bed":1,"minecraft:total_world_time":14604,"minecraft:fall_one_cm":7646},"minecraft:picked_up":{"minecraft:book":9,"duneons:dungeonscharreddirt":24,"minecraft:stick":2,"minecraft:crafting_table":4,"duneons:lobbydirtystone":1,"minecraft:feather":3,"minecraft:chicken":4,"minecraft:sweet_berries":9,"minecraft:porkchop":4,"minecraft:spruce_sapling":1,"minecraft:white_bed":1,"minecraft:spruce_log":14,"minecraft:dirt":1,"minecraft:raw_copper":10,"minecraft:red_carpet":5,"minecraft:stone_bricks":2,"minecraft:spruce_boat":1,"minecraft:beef":3,"duneons:bookshelfvangard":1,"duneons:bookshelfdun":1,"minecraft:mutton":7,"iceandfire:raw_silver":2,"minecraft:white_wool":4,"minecraft:cobblestone":79,"minecraft:egg":3},"minecraft:killed":{"minecraft:sheep":4,"minecraft:pig":2,"minecraft:chicken":4,"minecraft:cow":1},"minecraft:used":{"minecraft:spruce_boat":1,"minecraft:stone_shovel":12,"minecraft:stone_pickaxe":93,"minecraft:wooden_pickaxe":12,"minecraft:stone_axe":34,"minecraft:cobblestone":14,"minecraft:mutton":7,"minecraft:crafting_table":4,"minecraft:porkchop":4,"minecraft:white_bed":1}},"DataVersion":3465}