{"stats":{"minecraft:crafted":{"minecraft:crafting_table":1,"minecraft:spruce_planks":28,"minecraft:stick":8,"minecraft:wooden_pickaxe":1},"minecraft:mined":{"minecraft:stone":6,"minecraft:spruce_leaves":1,"minecraft:spruce_log":7},"minecraft:dropped":{"minecraft:spruce_sapling":1,"minecraft:stick":2},"minecraft:picked_up":{"minecraft:stick":2,"minecraft:spruce_sapling":1,"minecraft:spruce_log":7,"minecraft:cobblestone":6},"minecraft:custom":{"minecraft:time_since_rest":2604,"minecraft:crouch_one_cm":1182,"minecraft:play_time":2604,"minecraft:sprint_one_cm":3340,"minecraft:damage_taken":20,"minecraft:walk_one_cm":2646,"minecraft:sneak_time":350,"minecraft:drop":3,"minecraft:jump":11,"minecraft:time_since_death":2604,"minecraft:total_world_time":2604,"minecraft:interact_with_crafting_table":1,"minecraft:fall_one_cm":1231,"minecraft:fly_one_cm":1258},"minecraft:used":{"minecraft:crafting_table":1,"minecraft:wooden_pickaxe":6}},"DataVersion":3465}