{"stats":{"minecraft:killed_by":{"iceandfire:ice_dragon":25,"duneons:necromancer":1,"duneons:mountaineer":1},"minecraft:crafted":{"minecraft:oak_planks":32,"iceandfire:armor_sapphire_chestplate":1,"minecraft:cooked_chicken":6,"minecraft:cooked_mutton":5,"minecraft:chest":3,"minecraft:crafting_table":4,"minecraft:spruce_planks":56,"minecraft:wooden_pickaxe":1,"minecraft:iron_helmet":1,"minecraft:stick":24,"minecraft:iron_ingot":3,"minecraft:iron_pickaxe":2,"minecraft:stone_shovel":1,"minecraft:furnace":1,"minecraft:iron_axe":2,"minecraft:stone_pickaxe":1,"minecraft:spruce_boat":1,"minecraft:wheat":18,"minecraft:stone_axe":1,"minecraft:bread":6,"minecraft:air":0,"minecraft:white_bed":1},"minecraft:broken":{"minecraft:iron_pickaxe":1},"minecraft:mined":{"minecraft:white_bed":1,"minecraft:spruce_planks":2,"duneons:darkstonebricks":3,"duneons:ashblock":1,"duneons:charredstone":8,"duneons:brownbook_3":1,"minecraft:grass_block":2,"duneons:dungeonbarrel":1,"duneons:supportbeam":1,"minecraft:chiseled_stone_bricks":2,"duneons:cornbox":1,"duneons:lightbook_2":1,"duneons:redgoldvangard":2,"duneons:charredgrassblock":1,"duneons:monstera":1,"minecraft:iron_ore":31,"duneons:fencestraight":1,"duneons:tablebook":1,"duneons:firepumkin":1,"duneons:desertvase":1,"duneons:urn_loot_big_red":1,"farmersdelight:wild_potatoes":3,"duneons:dustybookshelf":2,"duneons:claycap":1,"iceandfire:dragon_ice_spikes":4,"duneons:lightbook":1,"minecraft:torch":1,"iceandfire:frozen_dirt":5,"iceandfire:sapphire_ore":8,"minecraft:cobblestone":20,"duneons:sanctumstonepatterned":1,"duneons:azure_crystal":2,"minecraft:wall_torch":7,"duneons:creeperwoodstallgrass":3,"minecraft:stone_brick_stairs":5,"minecraft:grass":2,"minecraft:oak_log":8,"duneons:supportbeamwood":1,"duneons:sanctumstone":2,"minecraft:dirt":7,"duneons:bluebook_2":1,"duneons:lobbydirtystone":1,"duneons:dungeonscharreddirt":31,"minecraft:deepslate":141,"duneons:tombstone":1,"minecraft:diamond_ore":1,"minecraft:tuff":22,"duneons:bluevangardvase":1,"iceandfire:silver_ore":4,"duneons:ruingolem_4":1,"minecraft:deepslate_diamond_ore":2,"duneons:bigferncreeperwoods":1,"iceandfire:frozen_cobblestone":2,"duneons:skeletonbricker":1,"gravestone:gravestone":28,"duneons:driedhaybales":1,"iceandfire:frozen_stone":1,"duneons:sanctumstonepatternedgildedtop":1,"minecraft:spruce_leaves":7,"minecraft:large_fern":1,"minecraft:hay_block":2,"duneons:anvilwithhammer":1,"minecraft:furnace":4,"duneons:stackofbooks":1,"minecraft:andesite":8,"duneons:books":1,"minecraft:bookshelf":14,"minecraft:deepslate_iron_ore":7,"duneons:loot_biggrey":2,"minecraft:stone":260,"minecraft:glass_pane":2,"duneons:redbook_3":1,"duneons:bookshelfvangard":3,"iceandfire:frozen_gravel":2,"minecraft:crafting_table":6,"duneons:brikercolon":1,"duneons:greenoutpostbricks":4,"duneons:settlementtilesside":1,"duneons:dustdiamond":1,"minecraft:copper_ore":3,"duneons:bluebook":1,"duneons:bookshelfdun":4,"supplementaries:urn":2,"duneons:wrapped_gift":1,"duneons:brownbook":2,"duneons:whitespideregg":2,"minecraft:sweet_berry_bush":3,"minecraft:spruce_log":35,"duneons:windhole":1,"minecraft:gravel":1,"minecraft:cobweb":1,"minecraft:stone_bricks":12,"minecraft:polished_andesite":2,"minecraft:mossy_stone_bricks":1},"minecraft:dropped":{"duneons:miniredstonegolem":3,"duneons:vangardcarpetblock":1,"minecraft:diamond":2,"duneons:fencebig":2,"duneons:charredgrassblock":2,"iceandfire:ice_dragon_flesh":5,"minecraft:leather":1,"minecraft:rail":16,"minecraft:red_carpet":10,"minecraft:emerald":15,"minecraft:dirt":5,"iceandfire:armor_silver_metal_leggings":1,"duneons:firepumkin":1,"gravestone:obituary":30,"duneons:claycap":2,"minecraft:iron_pickaxe":1,"duneons:skeletonspear":1,"minecraft:white_wool":1,"duneons:royaleshield":1,"minecraft:gravel":1,"duneons:anvilwithhammer":1,"minecraft:stone_axe":2,"minecraft:lever":1,"minecraft:cobbled_deepslate":5,"duneons:redgoldvangardcarpet":2,"minecraft:rotten_flesh":2,"iceandfire:frozen_stone":1,"duneons:dungeonbarrel":2,"minecraft:chiseled_stone_bricks":1,"supplementaries:flax_seeds":2,"supplementaries:ash":16,"iceandfire:armor_silver_metal_boots":1,"duneons:dagger":1,"minecraft:beetroot_seeds":4,"duneons:crumsoncoresword":1,"minecraft:powered_rail":1,"minecraft:stone_brick_stairs":3,"minecraft:egg":8,"farmersdelight:tomato_seeds":6,"minecraft:enchanted_book":1,"minecraft:iron_ingot":13,"iceandfire:dragonscales_sapphire":2,"duneons:dungeonscharredcobblestoneslab":1,"duneons:goatgear_chestplate":1,"duneons:maidarmor_chestplate":1,"duneons:purplevangardpotion":1,"duneons:soul_scythe":1,"minecraft:iron_helmet":2,"minecraft:cobblestone":13,"duneons:ashblock":1,"iceandfire:frozen_gravel":2,"duneons:desertvase":1,"duneons:dungeonscharreddirt":32,"minecraft:golden_apple":2,"minecraft:stick":4,"minecraft:polished_andesite":1,"minecraft:cobweb":6,"duneons:monstera":1,"duneons:lobbydirtystone":1,"minecraft:torch":1,"duneons:darkstonebricks":2,"duneons:dungeonscharredcobblestone":4,"duneons:mountaineeraxeiron":1,"duneons:redbookitem":3,"minecraft:string":2,"minecraft:spruce_sapling":5,"iceandfire:dragonbone":1,"iceandfire:silver_nugget":6,"minecraft:sweet_berries":9,"duneons:red_stone_golem_skull":3,"minecraft:raw_copper":10,"duneons:saber":1,"duneons:redgoldvangard":2,"minecraft:raw_iron":48,"duneons:magicwand":2,"duneons:whitespideregg":3,"iceandfire:dragon_skull_ice":1,"minecraft:suspicious_stew":2,"iceandfire:dragon_ice":1,"duneons:fencecorner":1,"minecraft:spruce_planks":1,"minecraft:andesite":5,"duneons:supportbeam":2,"minecraft:stone_bricks":9,"duneons:crystalblue":2,"minecraft:stone_pickaxe":1,"minecraft:wooden_pickaxe":3},"minecraft:custom":{"minecraft:interact_with_crafting_table":18,"minecraft:time_since_death":5895,"minecraft:damage_resisted":20,"minecraft:sprint_one_cm":281504,"minecraft:drop":177,"minecraft:talked_to_villager":2,"minecraft:play_time":128604,"minecraft:deaths":30,"minecraft:jump":2974,"minecraft:walk_on_water_one_cm":45956,"minecraft:interact_with_furnace":23,"minecraft:sleep_in_bed":2,"minecraft:damage_dealt":21339,"minecraft:player_kills":1,"minecraft:crouch_one_cm":28703,"minecraft:mob_kills":67,"minecraft:walk_one_cm":283481,"minecraft:sneak_time":11554,"minecraft:walk_under_water_one_cm":16414,"minecraft:boat_one_cm":23625,"minecraft:total_world_time":128604,"minecraft:time_since_rest":5926,"minecraft:damage_absorbed":40,"minecraft:damage_taken":10687,"minecraft:swim_one_cm":62013,"minecraft:fly_one_cm":414760,"minecraft:open_chest":66,"minecraft:fall_one_cm":79575},"minecraft:picked_up":{"duneons:lobbydirtystone":1,"duneons:darkstonebricks":2,"minecraft:flower_pot":2,"minecraft:suspicious_stew":1,"duneons:supportbeam":2,"duneons:dagger":1,"minecraft:enchanted_book":1,"minecraft:stone_brick_stairs":3,"duneons:redgoldvangard":2,"minecraft:string":2,"duneons:coin":1,"duneons:ashblock":1,"minecraft:raw_copper":10,"minecraft:gold_nugget":14,"minecraft:cobbled_deepslate":71,"minecraft:spruce_planks":76,"duneons:strengthenironpickaxe":1,"minecraft:iron_pickaxe":1,"iceandfire:frozen_gravel":2,"duneons:smallbow":1,"minecraft:furnace":4,"minecraft:stick":2,"duneons:bluebookitem":3,"minecraft:torch":44,"minecraft:porkchop":17,"duneons:magicwand":3,"duneons:greenoutpostbricks":4,"duneons:saber":1,"duneons:firepumkin":1,"iceandfire:armor_silver_metal_boots":1,"minecraft:rotten_flesh":3,"duneons:stackofbooks":1,"duneons:monstera":1,"duneons:soul_scythe":3,"farmersdelight:rope":2,"supplementaries:ash":16,"duneons:goldmace":1,"minecraft:cod":8,"minecraft:cobblestone":343,"iceandfire:sapphire_gem":8,"duneons:crystalblue":2,"minecraft:feather":4,"minecraft:andesite":8,"minecraft:potato":3,"duneons:purplevangardpotion":3,"supplementaries:flax_seeds":2,"duneons:fencecorner":1,"duneons:golemruin":1,"duneons:scattermines":2,"minecraft:dirt":7,"duneons:sanctumstonepatterned":1,"duneons:maidarmor_helmet":1,"minecraft:mossy_stone_bricks":1,"minecraft:powered_rail":1,"duneons:red_stone_golem_skull":3,"duneons:anvilwithhammer":1,"duneons:maidarmor_chestplate":1,"minecraft:cooked_porkchop":1,"duneons:fencebig":2,"iceandfire:dragonscales_sapphire":10,"duneons:dungeonscharredcobblestoneslab":2,"duneons:claycap":2,"duneons:vangardcarpetblock":1,"iceandfire:frozen_dirt":5,"minecraft:polished_andesite":1,"minecraft:diamond":5,"minecraft:spruce_boat":1,"minecraft:lever":1,"iceandfire:dragon_ice":1,"minecraft:bread":13,"minecraft:emerald":19,"duneons:redbookitem":3,"iceandfire:silver_nugget":278,"iceandfire:raw_silver":4,"minecraft:crafting_table":5,"minecraft:chicken":8,"minecraft:chest_minecart":1,"duneons:sanctumstone":2,"minecraft:wooden_pickaxe":2,"iceandfire:frozen_cobblestone":2,"gravestone:obituary":6,"iceandfire:frozen_stone":2,"duneons:whitespideregg":3,"iceandfire:bestiary":1,"minecraft:beef":3,"duneons:redgoldvangardcarpet":2,"iceandfire:armor_silver_metal_leggings":1,"duneons:bookshelfvangard":3,"duneons:brownbookitem":1,"duneons:bookshelfdun":5,"minecraft:egg":8,"minecraft:raw_iron":69,"iceandfire:dragonbone":1,"duneons:dustybookshelf":2,"farmersdelight:tomato_seeds":6,"duneons:skeletonspear":1,"iceandfire:dragon_skull_ice":1,"duneons:dungeonbarrel":3,"minecraft:arrow":1,"minecraft:beetroot_seeds":4,"duneons:desertvase":1,"minecraft:hay_block":2,"duneons:royaleshield":1,"minecraft:mutton":18,"minecraft:glow_berries":4,"duneons:goatgear_chestplate":1,"minecraft:white_wool":8,"duneons:brownbook":3,"minecraft:rail":16,"duneons:dungeonscharreddirt":32,"minecraft:leather":1,"minecraft:oak_log":8,"minecraft:gunpowder":1,"duneons:charredgrassblock":6,"minecraft:red_carpet":10,"minecraft:stone_bricks":9,"duneons:crumsoncoresword":3,"minecraft:iron_ingot":6,"duneons:mountaineeraxeiron":1,"duneons:brikercolon":1,"iceandfire:armor_white_helmet":1,"minecraft:book":46,"duneons:keydiamond":2,"duneons:dungeonscharredcobblestone":37,"minecraft:sweet_berries":9,"minecraft:chiseled_stone_bricks":1,"minecraft:gravel":1,"minecraft:spruce_sapling":6,"minecraft:white_bed":1,"minecraft:spruce_log":34,"duneons:tablebook":1,"minecraft:pumpkin_seeds":2,"minecraft:stone_axe":1,"minecraft:iron_helmet":1,"iceandfire:ice_dragon_flesh":5,"duneons:miniredstonegolem":4},"minecraft:killed":{"minecraft:cave_spider":1,"minecraft:spider":1,"minecraft:skeleton":1,"minecraft:chicken":6,"duneons:redstonegolem":3,"minecraft:pig":7,"minecraft:creeper":2,"duneons:mountaineer":24,"minecraft:sheep":8,"minecraft:zombie":6,"minecraft:cow":1,"duneons:pillagerarmorer":2,"duneons:squallgolem":4,"iceandfire:ice_dragon":1},"minecraft:used":{"minecraft:chest":3,"minecraft:mutton":13,"minecraft:spruce_boat":1,"duneons:dungeonscharredcobblestone":2,"minecraft:furnace":5,"minecraft:potato":9,"minecraft:mossy_stone_bricks":1,"minecraft:stone_pickaxe":94,"minecraft:wooden_pickaxe":12,"minecraft:golden_apple":1,"duneons:strengthenironpickaxe":240,"minecraft:bread":23,"minecraft:andesite":3,"sophisticatedbackpacks:iron_backpack":1,"duneons:saber":4,"minecraft:stone_shovel":12,"minecraft:spruce_planks":48,"minecraft:cooked_chicken":6,"minecraft:torch":19,"minecraft:dirt":2,"duneons:crumsoncoresword":108,"duneons:soul_scythe":4,"duneons:mountaineeraxeiron":3,"minecraft:iron_axe":24,"minecraft:beef":3,"minecraft:cooked_mutton":5,"minecraft:crafting_table":9,"minecraft:white_bed":2,"minecraft:flower_pot":2,"minecraft:apple":1,"minecraft:iron_pickaxe":276,"minecraft:spruce_sapling":1,"minecraft:stone_axe":85,"minecraft:cobblestone":283,"duneons:skeletonspear":54,"minecraft:cooked_porkchop":1,"minecraft:porkchop":17}},"DataVersion":3465}