{"stats":{"minecraft:killed_by":{"duneons:necromancer":1,"duneons:mountaineer":1},"minecraft:crafted":{"minecraft:oak_planks":28,"minecraft:stone_shovel":1,"minecraft:cooked_chicken":6,"minecraft:furnace":1,"minecraft:cooked_mutton":5,"minecraft:stone_pickaxe":1,"minecraft:chest":3,"minecraft:spruce_boat":1,"minecraft:crafting_table":2,"minecraft:spruce_planks":56,"minecraft:wooden_pickaxe":1,"minecraft:stone_axe":1,"minecraft:air":0,"minecraft:stick":8,"minecraft:white_bed":1},"minecraft:mined":{"duneons:bluevangardvase":1,"minecraft:spruce_planks":2,"minecraft:white_bed":1,"duneons:darkstonebricks":3,"iceandfire:silver_ore":4,"duneons:bigferncreeperwoods":1,"gravestone:gravestone":4,"duneons:brownbook_3":1,"duneons:driedhaybales":1,"minecraft:grass_block":2,"duneons:sanctumstonepatternedgildedtop":1,"duneons:dungeonbarrel":1,"minecraft:spruce_leaves":1,"minecraft:hay_block":2,"duneons:supportbeam":1,"duneons:lightbook_2":1,"duneons:cornbox":1,"duneons:redgoldvangard":2,"duneons:anvilwithhammer":1,"minecraft:furnace":4,"duneons:monstera":1,"duneons:stackofbooks":1,"minecraft:iron_ore":14,"duneons:fencestraight":1,"duneons:tablebook":1,"minecraft:andesite":7,"duneons:books":1,"duneons:firepumkin":1,"minecraft:bookshelf":14,"duneons:loot_biggrey":1,"duneons:urn_loot_big_red":1,"minecraft:stone":207,"duneons:dustybookshelf":2,"duneons:claycap":1,"minecraft:glass_pane":2,"duneons:redbook_3":1,"duneons:bookshelfvangard":3,"minecraft:crafting_table":6,"duneons:lightbook":1,"duneons:brikercolon":1,"duneons:greenoutpostbricks":4,"duneons:settlementtilesside":1,"duneons:dustdiamond":1,"minecraft:copper_ore":3,"minecraft:cobblestone":18,"duneons:sanctumstonepatterned":1,"duneons:bluebook":1,"duneons:bookshelfdun":4,"minecraft:wall_torch":1,"duneons:wrapped_gift":1,"duneons:brownbook":2,"duneons:whitespideregg":2,"minecraft:sweet_berry_bush":3,"minecraft:spruce_log":14,"duneons:windhole":1,"minecraft:stone_brick_stairs":5,"duneons:creeperwoodstallgrass":3,"minecraft:grass":1,"minecraft:oak_log":8,"duneons:supportbeamwood":1,"duneons:sanctumstone":2,"minecraft:gravel":1,"duneons:bluebook_2":1,"minecraft:dirt":5,"duneons:lobbydirtystone":1,"minecraft:polished_andesite":1,"minecraft:stone_bricks":11,"duneons:dungeonscharreddirt":27,"minecraft:mossy_stone_bricks":1},"minecraft:dropped":{"duneons:miniredstonegolem":1,"duneons:vangardcarpetblock":1,"duneons:maidarmor_chestplate":1,"duneons:fencebig":2,"minecraft:cobblestone":10,"duneons:dungeonscharreddirt":24,"minecraft:red_carpet":10,"minecraft:emerald":1,"minecraft:stick":2,"duneons:monstera":1,"minecraft:dirt":3,"duneons:lobbydirtystone":1,"minecraft:torch":1,"duneons:firepumkin":1,"duneons:darkstonebricks":2,"gravestone:obituary":2,"duneons:mountaineeraxeiron":1,"duneons:claycap":2,"minecraft:iron_pickaxe":1,"duneons:redbookitem":3,"minecraft:white_wool":1,"minecraft:spruce_sapling":3,"duneons:anvilwithhammer":1,"minecraft:gravel":1,"minecraft:stone_axe":2,"minecraft:sweet_berries":9,"duneons:red_stone_golem_skull":1,"minecraft:raw_copper":10,"duneons:redgoldvangard":2,"duneons:redgoldvangardcarpet":2,"duneons:whitespideregg":3,"duneons:dungeonbarrel":1,"supplementaries:flax_seeds":2,"duneons:fencecorner":1,"minecraft:spruce_planks":1,"minecraft:andesite":4,"duneons:supportbeam":2,"minecraft:stone_bricks":9,"duneons:crumsoncoresword":1,"minecraft:stone_pickaxe":1,"minecraft:wooden_pickaxe":3,"minecraft:stone_brick_stairs":3,"minecraft:egg":6},"minecraft:custom":{"minecraft:mob_kills":47,"minecraft:interact_with_crafting_table":12,"minecraft:time_since_death":16043,"minecraft:sprint_one_cm":169327,"minecraft:walk_one_cm":152893,"minecraft:drop":62,"minecraft:talked_to_villager":2,"minecraft:play_time":68604,"minecraft:deaths":4,"minecraft:sneak_time":8318,"minecraft:walk_under_water_one_cm":8476,"minecraft:boat_one_cm":23625,"minecraft:jump":1525,"minecraft:walk_on_water_one_cm":25329,"minecraft:total_world_time":68604,"minecraft:interact_with_furnace":17,"minecraft:sleep_in_bed":1,"minecraft:time_since_rest":16072,"minecraft:damage_taken":2592,"minecraft:damage_dealt":12708,"minecraft:swim_one_cm":35742,"minecraft:player_kills":1,"minecraft:fly_one_cm":236734,"minecraft:open_chest":20,"minecraft:crouch_one_cm":20693,"minecraft:fall_one_cm":41878},"minecraft:picked_up":{"minecraft:crafting_table":5,"duneons:lobbydirtystone":1,"duneons:darkstonebricks":2,"minecraft:chicken":6,"minecraft:flower_pot":2,"duneons:sanctumstone":2,"duneons:supportbeam":2,"minecraft:wooden_pickaxe":2,"minecraft:stone_brick_stairs":3,"duneons:redgoldvangard":2,"minecraft:raw_copper":10,"duneons:whitespideregg":3,"minecraft:gold_nugget":14,"minecraft:spruce_planks":46,"minecraft:beef":3,"duneons:redgoldvangardcarpet":2,"duneons:strengthenironpickaxe":1,"duneons:bookshelfvangard":3,"minecraft:iron_pickaxe":1,"duneons:brownbookitem":1,"duneons:bookshelfdun":5,"minecraft:egg":6,"minecraft:furnace":4,"minecraft:stick":2,"minecraft:raw_iron":13,"duneons:bluebookitem":3,"minecraft:torch":6,"minecraft:porkchop":4,"duneons:dustybookshelf":2,"duneons:magicwand":1,"duneons:greenoutpostbricks":4,"duneons:firepumkin":1,"duneons:dungeonbarrel":1,"minecraft:arrow":1,"minecraft:rotten_flesh":1,"duneons:stackofbooks":1,"duneons:monstera":1,"minecraft:hay_block":2,"duneons:soul_scythe":1,"minecraft:mutton":12,"minecraft:cod":8,"duneons:brownbook":3,"minecraft:white_wool":4,"minecraft:cobblestone":224,"duneons:dungeonscharreddirt":24,"minecraft:feather":3,"minecraft:andesite":7,"minecraft:oak_log":8,"duneons:purplevangardpotion":1,"supplementaries:flax_seeds":2,"duneons:fencecorner":1,"duneons:scattermines":2,"minecraft:dirt":5,"duneons:sanctumstonepatterned":1,"minecraft:red_carpet":10,"minecraft:stone_bricks":9,"duneons:crumsoncoresword":2,"duneons:maidarmor_helmet":1,"duneons:mountaineeraxeiron":1,"minecraft:mossy_stone_bricks":1,"duneons:brikercolon":1,"minecraft:book":46,"duneons:red_stone_golem_skull":1,"duneons:anvilwithhammer":1,"duneons:maidarmor_chestplate":1,"minecraft:cooked_porkchop":1,"minecraft:sweet_berries":9,"duneons:fencebig":2,"minecraft:gravel":1,"minecraft:spruce_sapling":3,"minecraft:spruce_log":14,"duneons:claycap":2,"minecraft:white_bed":1,"duneons:vangardcarpetblock":1,"duneons:tablebook":1,"minecraft:stone_axe":1,"minecraft:diamond":1,"minecraft:spruce_boat":1,"minecraft:emerald":5,"duneons:redbookitem":3,"duneons:miniredstonegolem":2,"iceandfire:raw_silver":4},"minecraft:killed":{"duneons:pillagerarmorer":2,"minecraft:skeleton":1,"duneons:squallgolem":4,"minecraft:chicken":4,"duneons:redstonegolem":2,"minecraft:pig":2,"duneons:mountaineer":24,"minecraft:sheep":4,"minecraft:zombie":3,"minecraft:cow":1},"minecraft:used":{"minecraft:stone_shovel":12,"minecraft:chest":3,"minecraft:spruce_planks":48,"minecraft:cooked_chicken":6,"minecraft:torch":5,"minecraft:dirt":2,"minecraft:mutton":7,"duneons:crumsoncoresword":86,"duneons:mountaineeraxeiron":3,"duneons:soul_scythe":1,"minecraft:spruce_boat":1,"minecraft:beef":3,"minecraft:furnace":5,"minecraft:cooked_mutton":5,"minecraft:mossy_stone_bricks":1,"minecraft:stone_pickaxe":94,"minecraft:wooden_pickaxe":12,"duneons:strengthenironpickaxe":219,"minecraft:crafting_table":7,"minecraft:white_bed":1,"minecraft:flower_pot":2,"minecraft:apple":1,"minecraft:bread":8,"minecraft:iron_pickaxe":1,"minecraft:stone_axe":85,"minecraft:cobblestone":167,"minecraft:porkchop":4,"minecraft:cooked_porkchop":1,"minecraft:andesite":3}},"DataVersion":3465}