{"stats":{"minecraft:crafted":{"minecraft:stone_shovel":1,"minecraft:crafting_table":1,"minecraft:spruce_planks":28,"minecraft:cooked_chicken":4,"minecraft:wooden_pickaxe":1,"minecraft:furnace":1,"minecraft:stone_axe":1,"minecraft:air":0,"minecraft:stick":8,"minecraft:stone_pickaxe":1,"minecraft:white_bed":1,"minecraft:spruce_boat":1},"minecraft:mined":{"duneons:dustybookshelf":2,"duneons:bluevangardvase":1,"duneons:claycap":1,"minecraft:white_bed":1,"minecraft:glass_pane":2,"duneons:darkstonebricks":3,"iceandfire:silver_ore":3,"duneons:redbook_3":1,"duneons:bookshelfvangard":3,"minecraft:crafting_table":5,"duneons:lightbook":1,"duneons:brownbook_3":1,"duneons:brikercolon":1,"minecraft:cobblestone":7,"duneons:dungeonbarrel":1,"duneons:dustdiamond":1,"minecraft:copper_ore":3,"duneons:bluebook":1,"minecraft:spruce_leaves":1,"duneons:bookshelfdun":4,"duneons:supportbeam":1,"minecraft:wall_torch":1,"duneons:cornbox":1,"duneons:lightbook_2":1,"duneons:redgoldvangard":2,"duneons:anvilwithhammer":1,"minecraft:furnace":2,"duneons:stackofbooks":1,"duneons:brownbook":2,"duneons:fencestraight":1,"minecraft:sweet_berry_bush":3,"duneons:tablebook":1,"duneons:books":1,"minecraft:spruce_log":14,"minecraft:stone_brick_stairs":4,"duneons:supportbeamwood":1,"duneons:firepumkin":1,"minecraft:bookshelf":14,"minecraft:dirt":1,"duneons:loot_biggrey":1,"duneons:bluebook_2":1,"minecraft:gravel":1,"duneons:lobbydirtystone":1,"duneons:urn_loot_big_red":1,"minecraft:stone":105,"duneons:dungeonscharreddirt":27,"minecraft:stone_bricks":11,"minecraft:mossy_stone_bricks":1},"minecraft:dropped":{"minecraft:gravel":1,"minecraft:sweet_berries":9,"duneons:miniredstonegolem":1,"duneons:vangardcarpetblock":1,"duneons:red_stone_golem_skull":1,"minecraft:raw_copper":10,"duneons:fencebig":2,"duneons:redgoldvangardcarpet":1,"minecraft:cobblestone":9,"duneons:dungeonbarrel":1,"supplementaries:flax_seeds":2,"minecraft:red_carpet":10,"minecraft:stick":2,"minecraft:dirt":2,"duneons:fencecorner":1,"duneons:lobbydirtystone":1,"duneons:darkstonebricks":2,"minecraft:stone_bricks":9,"duneons:claycap":2,"minecraft:wooden_pickaxe":2,"duneons:redbookitem":3,"minecraft:stone_brick_stairs":1,"minecraft:white_wool":1,"minecraft:spruce_sapling":1,"minecraft:egg":3},"minecraft:custom":{"minecraft:interact_with_furnace":5,"minecraft:mob_kills":12,"minecraft:interact_with_crafting_table":10,"minecraft:time_since_death":26604,"minecraft:sleep_in_bed":1,"minecraft:time_since_rest":20974,"minecraft:sprint_one_cm":55759,"minecraft:damage_taken":609,"minecraft:walk_one_cm":51890,"minecraft:drop":32,"minecraft:damage_dealt":2238,"minecraft:swim_one_cm":11942,"minecraft:fly_one_cm":46058,"minecraft:crouch_one_cm":11442,"minecraft:play_time":26604,"minecraft:sneak_time":4168,"minecraft:walk_under_water_one_cm":5295,"minecraft:boat_one_cm":23625,"minecraft:jump":357,"minecraft:walk_on_water_one_cm":12047,"minecraft:total_world_time":26604,"minecraft:fall_one_cm":8472},"minecraft:picked_up":{"duneons:dungeonscharreddirt":24,"minecraft:crafting_table":5,"duneons:darkstonebricks":2,"duneons:lobbydirtystone":1,"minecraft:feather":3,"minecraft:chicken":4,"minecraft:flower_pot":2,"minecraft:wooden_pickaxe":2,"minecraft:stone_brick_stairs":3,"supplementaries:flax_seeds":2,"duneons:redgoldvangard":2,"duneons:fencecorner":1,"minecraft:dirt":2,"minecraft:raw_copper":10,"minecraft:red_carpet":10,"minecraft:stone_bricks":9,"duneons:crumsoncoresword":1,"minecraft:spruce_planks":25,"duneons:redgoldvangardcarpet":2,"duneons:maidarmor_helmet":1,"minecraft:beef":3,"duneons:bookshelfvangard":3,"duneons:strengthenironpickaxe":1,"minecraft:mossy_stone_bricks":1,"minecraft:iron_pickaxe":1,"duneons:brikercolon":1,"duneons:brownbookitem":1,"duneons:red_stone_golem_skull":1,"duneons:bookshelfdun":4,"minecraft:furnace":2,"minecraft:egg":6,"minecraft:book":46,"minecraft:stick":2,"duneons:anvilwithhammer":1,"duneons:maidarmor_chestplate":1,"minecraft:cooked_porkchop":1,"minecraft:sweet_berries":9,"duneons:fencebig":2,"duneons:bluebookitem":3,"minecraft:torch":5,"minecraft:gravel":1,"minecraft:porkchop":4,"duneons:dustybookshelf":2,"minecraft:spruce_sapling":3,"duneons:vangardcarpetblock":1,"duneons:claycap":2,"minecraft:white_bed":1,"minecraft:spruce_log":14,"duneons:firepumkin":1,"duneons:dungeonbarrel":1,"duneons:tablebook":1,"minecraft:diamond":1,"minecraft:spruce_boat":1,"duneons:stackofbooks":1,"minecraft:emerald":4,"duneons:miniredstonegolem":1,"duneons:redbookitem":3,"minecraft:mutton":7,"minecraft:white_wool":4,"iceandfire:raw_silver":3,"minecraft:cobblestone":112},"minecraft:killed":{"minecraft:pig":2,"minecraft:sheep":4,"minecraft:chicken":4,"duneons:redstonegolem":1,"minecraft:cow":1},"minecraft:used":{"minecraft:mossy_stone_bricks":1,"minecraft:stone_shovel":12,"minecraft:stone_pickaxe":94,"minecraft:wooden_pickaxe":12,"minecraft:cooked_chicken":4,"minecraft:torch":4,"minecraft:mutton":7,"minecraft:crafting_table":5,"duneons:strengthenironpickaxe":66,"minecraft:white_bed":1,"minecraft:spruce_boat":1,"minecraft:flower_pot":2,"minecraft:stone_axe":81,"minecraft:beef":3,"minecraft:cobblestone":49,"minecraft:furnace":1,"minecraft:cooked_porkchop":1,"minecraft:porkchop":4}},"DataVersion":3465}