{"stats":{"minecraft:custom":{"minecraft:time_since_rest":0,"minecraft:interact_with_furnace":1,"minecraft:sprint_one_cm":36903,"minecraft:damage_taken":216,"minecraft:walk_one_cm":26253,"minecraft:mob_kills":8,"minecraft:damage_dealt":714,"minecraft:talked_to_villager":3,"minecraft:fly_one_cm":49349,"minecraft:open_chest":2,"minecraft:crouch_one_cm":645,"minecraft:play_time":10520,"minecraft:deaths":1,"minecraft:sneak_time":383,"minecraft:walk_under_water_one_cm":1270,"minecraft:jump":184,"minecraft:sleep_in_bed":1,"minecraft:leave_game":1,"minecraft:time_since_death":2500,"minecraft:walk_on_water_one_cm":564,"minecraft:total_world_time":10520,"minecraft:fall_one_cm":5318},"minecraft:used":{"minecraft:oak_planks":1,"minecraft:spruce_planks":1,"marbledsarsenal:police_baton":22,"minecraft:torch":1,"minecraft:dirt":2,"minecraft:white_bed":1},"minecraft:killed":{"minecraft:sheep":8},"minecraft:mined":{"minecraft:large_fern":3,"minecraft:hay_block":19,"farmersdelight:wild_onions":10,"minecraft:spruce_planks":1,"minecraft:white_bed":1,"projectvibrantjourneys:sea_oats":2,"minecraft:spruce_log":7,"projectvibrantjourneys:bark_mushroom":1,"projectvibrantjourneys:rocks":3,"minecraft:grass":42,"projectvibrantjourneys:twigs":6,"projectvibrantjourneys:sandy_sprouts":2,"projectvibrantjourneys:short_grass":35,"minecraft:dirt_path":2,"projectvibrantjourneys:mossy_rocks":1,"minecraft:tall_grass":9,"minecraft:spruce_leaves":2,"projectvibrantjourneys:seashells":3,"minecraft:oak_planks":1,"projectvibrantjourneys:fallen_leaves":4,"minecraft:sugar_cane":7,"minecraft:fern":4},"minecraft:crafted":{"minecraft:spruce_planks":28},"minecraft:picked_up":{"minecraft:stick":6,"minecraft:allium":16,"projectvibrantjourneys:fallen_leaves":5,"projectvibrantjourneys:bark_mushroom":1,"minecraft:torch":1,"minecraft:white_bed":1,"minecraft:spruce_log":7,"minecraft:dirt":2,"minecraft:wheat_seeds":11,"farmersdelight:onion":6,"minecraft:spruce_planks":1,"minecraft:hay_block":19,"projectvibrantjourneys:sandy_sprouts":1,"minecraft:light_gray_wool":1,"minecraft:sugar_cane":11,"minecraft:mutton":13,"minecraft:oak_planks":1,"minecraft:white_wool":7},"minecraft:killed_by":{"minecraft:zombie":1}},"DataVersion":3465}