{"stats":{"minecraft:mined":{"minecraft:sand":19},"minecraft:used":{"minecraft:sand":9},"minecraft:custom":{"minecraft:jump":18,"minecraft:time_since_rest":4480,"minecraft:damage_dealt":146,"minecraft:crouch_one_cm":361,"minecraft:leave_game":3,"minecraft:play_time":4480,"minecraft:sprint_one_cm":4351,"minecraft:walk_on_water_one_cm":1384,"minecraft:time_since_death":4480,"minecraft:walk_one_cm":7451,"minecraft:sneak_time":104,"minecraft:total_world_time":4480,"minecraft:fall_one_cm":209,"minecraft:fly_one_cm":11908},"minecraft:picked_up":{"minecraft:sand":16}},"DataVersion":3465}