{"stats":{"minecraft:killed_by":{"minecraft:cave_spider":1},"minecraft:mined":{"duneons:crateropes":1,"duneons:creeperwoodstallgrass":13,"gravestone:gravestone":1,"minecraft:grass":4,"minecraft:bookshelf":2,"minecraft:grass_block":1,"duneons:peonydied":2,"minecraft:oak_leaves":2,"duneons:goldchest":1},"minecraft:dropped":{"minecraft:wheat_seeds":1,"minecraft:torch":1,"duneons:smallbow":1,"duneons:redgoldvangard":4,"minecraft:oak_sapling":1,"minecraft:spider_eye":1,"duneons:sanctumstonepatternedgildedtop":1,"minecraft:stick":1},"minecraft:custom":{"minecraft:time_since_rest":12555,"minecraft:sprint_one_cm":40573,"minecraft:damage_taken":428,"minecraft:walk_one_cm":95188,"minecraft:mob_kills":28,"minecraft:drop":11,"minecraft:damage_dealt":5939,"minecraft:swim_one_cm":16934,"minecraft:fly_one_cm":46992,"minecraft:open_chest":3,"minecraft:crouch_one_cm":6329,"minecraft:play_time":32201,"minecraft:interact_with_campfire":3,"minecraft:deaths":1,"minecraft:sneak_time":2003,"minecraft:walk_under_water_one_cm":11258,"minecraft:jump":407,"minecraft:leave_game":1,"minecraft:walk_on_water_one_cm":21089,"minecraft:time_since_death":12516,"minecraft:total_world_time":32201,"minecraft:fall_one_cm":11765},"minecraft:picked_up":{"minecraft:book":6,"duneons:dungeonscharreddirt":24,"minecraft:stick":2,"duneons:lobbydirtystone":1,"minecraft:cooked_beef":3,"minecraft:suspicious_stew":1,"minecraft:leather":5,"minecraft:porkchop":1,"duneons:sanctumstonepatternedgildedtop":1,"duneons:redgoldvangard":4,"duneons:coin":2,"minecraft:spider_eye":1,"minecraft:dirt":1,"minecraft:string":2,"duneons:wagonblock":1,"duneons:gateblock":1,"duneons:goldchest":2,"duneons:crumsoncoresword":1,"minecraft:wheat_seeds":1,"duneons:featherblue":1,"minecraft:beef":5,"duneons:strengthenironpickaxe":1,"duneons:smallbow":1,"minecraft:mutton":9,"minecraft:white_wool":5,"minecraft:oak_sapling":1,"duneons:goldmace":1,"duneons:crateropes":1,"duneons:highlandgoldwood":1,"minecraft:cobblestone":1},"minecraft:killed":{"minecraft:sheep":1,"minecraft:cave_spider":3,"duneons:pigchest":1,"duneons:squallgolem":2,"duneons:wraith":1,"minecraft:cow":3,"duneons:mountaineer":17},"minecraft:used":{"duneons:highlandgoldwood":1,"duneons:rampartbrazier":1,"duneons:goldchest":1,"duneons:dungeonscharreddirt":18,"duneons:gateblock":1,"duneons:crateropes":1,"minecraft:cooked_beef":2,"duneons:crumsoncoresword":72}},"DataVersion":3465}