{"stats":{"minecraft:killed_by":{"minecraft:cave_spider":1,"iceandfire:fire_dragon":1},"minecraft:crafted":{"minecraft:cooked_mutton":5,"duneons:randomatoolbox":1,"minecraft:dark_oak_planks":36,"minecraft:cooked_beef":2,"iceandfire:silver_ingot":3,"minecraft:crafting_table":1,"iceandfire:armor_white_boots":1,"minecraft:air":0,"iceandfire:armor_white_leggings":1,"iceandfire:armor_white_helmet":2,"minecraft:stick":4,"minecraft:iron_ingot":10,"iceandfire:silver_pickaxe":1},"minecraft:broken":{"duneons:strengthenironpickaxe":1},"minecraft:mined":{"iceandfire:silver_ore":5,"minecraft:mossy_cobblestone":1,"minecraft:deepslate_diamond_ore":2,"iceandfire:copper_pile":1,"duneons:ashblock":1,"duneons:charredstone":4,"gravestone:gravestone":2,"minecraft:granite":2,"minecraft:grass_block":2,"duneons:dungeonbarrel":1,"duneons:peonydied":2,"minecraft:spawner":3,"duneons:charredgrassblock":1,"duneons:anvilwithhammer":1,"minecraft:iron_ore":2,"duneons:tablebook":1,"duneons:shieldmobspawner":1,"duneons:firepumkin":1,"minecraft:bookshelf":2,"minecraft:deepslate_iron_ore":1,"minecraft:dirt_path":1,"iceandfire:gold_pile":3,"duneons:loot_biggrey":1,"minecraft:lantern":2,"duneons:desertvase":2,"minecraft:stone":18,"farmersdelight:wild_potatoes":7,"minecraft:glass_pane":2,"minecraft:oak_fence":1,"iceandfire:frozen_gravel":4,"iceandfire:dragon_ice_spikes":1,"iceandfire:frozen_dirt":5,"duneons:dustdiamond":3,"minecraft:copper_ore":4,"minecraft:cobblestone":12,"minecraft:diorite":3,"minecraft:wall_torch":1,"supplementaries:urn":3,"duneons:goldchest":1,"duneons:wrapped_gift":1,"duneons:ravagergatewood_3":1,"minecraft:blue_ice":6,"duneons:darkstonewall":1,"duneons:dungeonscharredcobblestone":1,"duneons:crateropes":1,"duneons:creeperwoodstallgrass":13,"minecraft:grass":10,"iceandfire:silver_pile":2,"duneons:icecracked":1,"minecraft:dirt":1,"minecraft:cobweb":9,"duneons:dungeonscharreddirt":4,"minecraft:chipped_anvil":1,"minecraft:oak_leaves":2,"minecraft:deepslate":23,"duneons:tombstone":1},"minecraft:dropped":{"iceandfire:dragonscales_sapphire":10,"minecraft:wheat_seeds":1,"minecraft:porkchop":4,"duneons:goatgear_chestplate":1,"iceandfire:armor_white_helmet":2,"minecraft:mossy_cobblestone":2,"minecraft:cobblestone":3,"duneons:dungeonscharreddirt":10,"minecraft:cod":8,"minecraft:stick":4,"minecraft:polished_andesite":1,"duneons:windhole":1,"duneons:lobbydirtystone":1,"minecraft:stone_button":1,"minecraft:torch":1,"duneons:smallbow":1,"iceandfire:armor_silver_metal_leggings":1,"duneons:ravagergateiron":1,"duneons:dungeonscharredcobblestone":1,"gravestone:obituary":3,"duneons:featherblue":1,"duneons:darkstonewall":1,"minecraft:dandelion":1,"iceandfire:dragonbone":1,"iceandfire:silver_nugget":12,"duneons:goldmace":1,"minecraft:lever":1,"minecraft:cobbled_deepslate":2,"minecraft:raw_copper":4,"duneons:saber":3,"duneons:redgoldvangard":4,"duneons:outpostbricks":1,"iceandfire:dragon_skull_ice":1,"duneons:sanctumstonepatternedgildedtop":1,"minecraft:suspicious_stew":1,"iceandfire:armor_silver_metal_boots":1,"minecraft:beetroot_seeds":4,"minecraft:oak_sapling":1,"minecraft:spider_eye":1,"minecraft:stone_pickaxe":1,"minecraft:stone_brick_stairs":1},"minecraft:custom":{"minecraft:mob_kills":40,"minecraft:interact_with_crafting_table":3,"minecraft:interact_with_campfire":3,"minecraft:leave_game":1,"minecraft:time_since_death":45632,"minecraft:climb_one_cm":145,"minecraft:damage_resisted":570,"minecraft:sprint_one_cm":123766,"minecraft:walk_one_cm":249862,"minecraft:drop":70,"minecraft:talked_to_villager":2,"minecraft:play_time":80201,"minecraft:deaths":2,"minecraft:sneak_time":4501,"minecraft:walk_under_water_one_cm":22055,"minecraft:jump":1088,"minecraft:walk_on_water_one_cm":32522,"minecraft:total_world_time":80201,"minecraft:interact_with_furnace":8,"minecraft:traded_with_villager":1,"minecraft:sleep_in_bed":1,"minecraft:time_since_rest":30612,"minecraft:damage_taken":1442,"minecraft:damage_dealt":8908,"minecraft:swim_one_cm":18157,"minecraft:fly_one_cm":137917,"minecraft:open_chest":29,"minecraft:crouch_one_cm":11500,"minecraft:fall_one_cm":36720},"minecraft:picked_up":{"duneons:lobbydirtystone":1,"duneons:dagger":1,"minecraft:suspicious_stew":1,"minecraft:enchanted_book":1,"minecraft:stone_brick_stairs":1,"gravestone:obituary":2,"duneons:redgoldvangard":4,"duneons:coin":2,"minecraft:string":15,"minecraft:raw_copper":4,"duneons:goldchest":2,"minecraft:cobbled_deepslate":21,"minecraft:beef":5,"duneons:strengthenironpickaxe":1,"iceandfire:frozen_gravel":2,"duneons:smallbow":1,"duneons:crateropes":1,"iceandfire:ice_dragon_heart":2,"minecraft:raw_iron":2,"minecraft:stick":2,"iceandfire:dragonbone":16,"minecraft:oak_fence":1,"iceandfire:dragonscales_white":22,"minecraft:porkchop":4,"duneons:saber":3,"duneons:sanctumstonepatternedgildedtop":1,"minecraft:stone_button":1,"iceandfire:dragon_skull_ice":3,"duneons:dungeonbarrel":1,"minecraft:arrow":1,"minecraft:rotten_flesh":1,"minecraft:beetroot_seeds":4,"duneons:desertvase":2,"duneons:royaleshield":1,"minecraft:gold_ingot":38,"duneons:goldmace":3,"minecraft:mutton":9,"duneons:goatgear_chestplate":1,"minecraft:white_wool":5,"minecraft:cobblestone":26,"duneons:dungeonscharreddirt":28,"minecraft:cooked_beef":3,"minecraft:leather":5,"minecraft:potato":7,"duneons:wrapped_gift":2,"minecraft:tuff":5,"duneons:purplevangardpotion":1,"duneons:darkstonewall":1,"minecraft:dirt":4,"minecraft:lantern":2,"duneons:wagonblock":2,"minecraft:bone":2,"minecraft:chipped_anvil":1,"duneons:crumsoncoresword":2,"minecraft:wheat_seeds":2,"minecraft:iron_ingot":2,"minecraft:stone_pickaxe":1,"duneons:highlandgoldwood":1,"minecraft:book":6,"duneons:keydiamond":1,"iceandfire:copper_nugget":14,"duneons:anvilwithhammer":2,"duneons:dungeonscharredcobblestone":1,"iceandfire:dragonscales_sapphire":13,"minecraft:dandelion":1,"duneons:dungeonscharredcobblestoneslab":1,"iceandfire:frozen_dirt":5,"minecraft:dark_oak_log":9,"minecraft:spider_eye":1,"minecraft:mossy_cobblestone":2,"minecraft:polished_andesite":1,"duneons:tablebook":1,"duneons:gateblock":1,"minecraft:diamond":5,"duneons:energybag":1,"duneons:featherblue":2,"minecraft:lever":1,"duneons:ravagergatewood_3":1,"iceandfire:ice_dragon_flesh":1,"minecraft:emerald":1,"minecraft:oak_sapling":1,"iceandfire:silver_nugget":40,"iceandfire:raw_silver":5},"minecraft:killed":{"minecraft:cave_spider":3,"duneons:wraith":1,"duneons:vindicatorvariant":2,"minecraft:skeleton":3,"duneons:pigchest":1,"duneons:squallgolem":2,"duneons:redstonegolem":1,"duneons:slimetropical":1,"minecraft:pig":2,"duneons:mountaineer":17,"minecraft:sheep":1,"minecraft:zombie":2,"iceandfire:ice_dragon":1,"minecraft:cow":3},"minecraft:used":{"duneons:highlandgoldwood":1,"duneons:saber":10,"iceandfire:dragon_skull_ice":1,"duneons:ravagergatewood_3":1,"duneons:dungeonscharreddirt":18,"duneons:gateblock":1,"minecraft:dirt":4,"minecraft:carrot":7,"duneons:crumsoncoresword":101,"duneons:goatgear_chestplate":1,"minecraft:dark_oak_planks":4,"minecraft:chipped_anvil":1,"duneons:tablebook":1,"minecraft:lantern":2,"duneons:rampartbrazier":1,"duneons:crateropes":1,"minecraft:potato":2,"minecraft:cooked_beef":5,"minecraft:cooked_mutton":5,"iceandfire:frozen_gravel":2,"minecraft:stone_pickaxe":27,"duneons:goldchest":2,"minecraft:crafting_table":1,"duneons:strengthenironpickaxe":12,"minecraft:cod":2,"duneons:anvilwithhammer":1,"iceandfire:silver_pickaxe":78,"minecraft:cobblestone":6,"duneons:wrapped_gift":2,"duneons:highlandberries":2}},"DataVersion":3465}