{"stats":{"minecraft:killed_by":{"minecraft:cave_spider":1},"minecraft:mined":{"duneons:crateropes":1,"duneons:creeperwoodstallgrass":5,"minecraft:grass":1,"minecraft:bookshelf":2,"minecraft:grass_block":1},"minecraft:dropped":{"duneons:sanctumstonepatternedgildedtop":1},"minecraft:custom":{"minecraft:time_since_rest":555,"minecraft:sprint_one_cm":24836,"minecraft:damage_taken":202,"minecraft:walk_one_cm":51124,"minecraft:mob_kills":13,"minecraft:drop":1,"minecraft:damage_dealt":3100,"minecraft:swim_one_cm":16934,"minecraft:fly_one_cm":27971,"minecraft:open_chest":2,"minecraft:crouch_one_cm":3537,"minecraft:play_time":20201,"minecraft:deaths":1,"minecraft:sneak_time":1120,"minecraft:walk_under_water_one_cm":10473,"minecraft:jump":219,"minecraft:leave_game":1,"minecraft:walk_on_water_one_cm":16602,"minecraft:time_since_death":516,"minecraft:total_world_time":20201,"minecraft:fall_one_cm":6181},"minecraft:picked_up":{"minecraft:book":6,"duneons:dungeonscharreddirt":24,"minecraft:suspicious_stew":1,"duneons:sanctumstonepatternedgildedtop":1,"duneons:redgoldvangard":2,"minecraft:dirt":1,"minecraft:string":2,"duneons:wagonblock":1,"duneons:gateblock":1,"duneons:crumsoncoresword":1,"duneons:goldmace":1,"duneons:crateropes":1,"duneons:highlandgoldwood":1,"minecraft:cobblestone":1},"minecraft:killed":{"minecraft:cave_spider":2,"duneons:mountaineer":11},"minecraft:used":{"duneons:highlandgoldwood":1,"duneons:dungeonscharreddirt":13,"duneons:gateblock":1,"duneons:crateropes":1,"duneons:crumsoncoresword":35}},"DataVersion":3465}