{"stats":{"minecraft:killed_by":{"minecraft:cave_spider":1,"iceandfire:ice_dragon":6,"iceandfire:fire_dragon":1},"minecraft:crafted":{"minecraft:oak_planks":16,"minecraft:cooked_mutton":5,"duneons:randomatoolbox":1,"minecraft:iron_axe":1,"minecraft:chest":2,"minecraft:dark_oak_planks":36,"sophisticatedbackpacks:iron_backpack":1,"minecraft:cooked_beef":2,"sophisticatedbackpacks:backpack":1,"iceandfire:silver_ingot":18,"minecraft:crafting_table":3,"minecraft:enchanting_table":1,"supplementaries:key":1,"iceandfire:armor_white_boots":1,"minecraft:air":0,"iceandfire:armor_white_leggings":1,"iceandfire:armor_white_helmet":2,"minecraft:stick":8,"minecraft:iron_pickaxe":1,"minecraft:iron_ingot":10,"iceandfire:silver_pickaxe":1},"minecraft:broken":{"duneons:strengthenironpickaxe":1,"iceandfire:armor_white_boots":1,"duneons:goatgear_helmet":1,"duneons:goatgear_chestplate":1},"minecraft:mined":{"iceandfire:silver_ore":5,"minecraft:mossy_cobblestone":1,"minecraft:deepslate_diamond_ore":2,"iceandfire:copper_pile":1,"duneons:ashblock":1,"duneons:charredstone":5,"gravestone:gravestone":9,"minecraft:granite":2,"iceandfire:frozen_stone":2,"minecraft:grass_block":2,"duneons:dungeonbarrel":1,"duneons:peonydied":2,"minecraft:spawner":3,"duneons:charredgrassblock":1,"duneons:anvilwithhammer":1,"minecraft:fire":3,"minecraft:cobbled_deepslate":1,"minecraft:iron_ore":2,"duneons:tablebook":1,"duneons:shieldmobspawner":1,"duneons:firepumkin":1,"minecraft:bookshelf":2,"minecraft:deepslate_iron_ore":1,"minecraft:dirt_path":1,"iceandfire:gold_pile":3,"duneons:loot_biggrey":1,"minecraft:lantern":2,"duneons:desertvase":2,"iceandfire:frost_lily":1,"minecraft:stone":19,"farmersdelight:wild_potatoes":7,"minecraft:brown_mushroom":2,"minecraft:glass_pane":2,"supplementaries:book_pile":1,"minecraft:oak_fence":1,"iceandfire:frozen_gravel":4,"iceandfire:dragon_ice_spikes":13,"iceandfire:frozen_dirt":5,"duneons:dustdiamond":3,"minecraft:copper_ore":4,"minecraft:cobblestone":12,"minecraft:diorite":3,"minecraft:wall_torch":1,"supplementaries:urn":3,"duneons:goldchest":1,"duneons:wrapped_gift":1,"duneons:ravagergatewood_3":1,"minecraft:blue_ice":6,"duneons:darkstonewall":1,"duneons:dungeonscharredcobblestone":1,"duneons:crateropes":1,"duneons:creeperwoodstallgrass":13,"minecraft:grass":11,"minecraft:oak_log":4,"iceandfire:silver_pile":2,"duneons:icecracked":1,"minecraft:dirt":1,"minecraft:cobweb":9,"duneons:dungeonscharreddirt":4,"minecraft:chipped_anvil":1,"minecraft:oak_leaves":3,"minecraft:deepslate":41,"duneons:tombstone":1},"minecraft:dropped":{"iceandfire:dragonscales_sapphire":10,"minecraft:wheat_seeds":1,"minecraft:porkchop":4,"duneons:goatgear_chestplate":1,"iceandfire:armor_white_helmet":2,"minecraft:mossy_cobblestone":2,"iceandfire:frozen_dirt":5,"minecraft:cobblestone":12,"duneons:dungeonscharreddirt":14,"minecraft:cod":8,"minecraft:stick":4,"minecraft:polished_andesite":1,"duneons:windhole":1,"duneons:lobbydirtystone":1,"minecraft:stone_button":1,"minecraft:torch":1,"duneons:smallbow":2,"iceandfire:armor_silver_metal_leggings":1,"duneons:ravagergateiron":1,"duneons:dungeonscharredcobblestone":36,"gravestone:obituary":23,"minecraft:dark_oak_planks":11,"duneons:featherblue":1,"duneons:darkstonewall":1,"minecraft:dandelion":1,"iceandfire:dragonbone":1,"iceandfire:silver_nugget":12,"duneons:goldmace":1,"minecraft:lever":1,"minecraft:cobbled_deepslate":25,"minecraft:raw_copper":4,"duneons:saber":3,"duneons:redgoldvangard":4,"minecraft:tuff":12,"duneons:outpostbricks":1,"iceandfire:dragon_skull_ice":1,"duneons:sanctumstonepatternedgildedtop":1,"minecraft:suspicious_stew":1,"iceandfire:armor_silver_metal_boots":1,"minecraft:beetroot_seeds":4,"minecraft:oak_sapling":1,"minecraft:spider_eye":1,"minecraft:stone_pickaxe":1,"minecraft:stone_brick_stairs":1},"minecraft:custom":{"minecraft:mob_kills":57,"minecraft:interact_with_crafting_table":10,"minecraft:interact_with_campfire":3,"minecraft:leave_game":1,"minecraft:time_since_death":31085,"minecraft:climb_one_cm":145,"minecraft:damage_resisted":3987,"minecraft:sprint_one_cm":166400,"minecraft:walk_one_cm":363147,"minecraft:drop":99,"minecraft:talked_to_villager":2,"minecraft:play_time":128201,"minecraft:deaths":8,"minecraft:sneak_time":7188,"minecraft:walk_under_water_one_cm":38623,"minecraft:jump":1957,"minecraft:enchant_item":1,"minecraft:walk_on_water_one_cm":59720,"minecraft:total_world_time":128201,"minecraft:interact_with_furnace":8,"minecraft:traded_with_villager":1,"minecraft:sleep_in_bed":1,"minecraft:time_since_rest":31122,"minecraft:damage_taken":3875,"minecraft:damage_dealt":15073,"minecraft:swim_one_cm":23239,"minecraft:fly_one_cm":178802,"minecraft:open_chest":94,"minecraft:crouch_one_cm":17561,"minecraft:fall_one_cm":50739},"minecraft:picked_up":{"duneons:lobbydirtystone":1,"minecraft:brown_mushroom":2,"duneons:dagger":1,"minecraft:suspicious_stew":2,"minecraft:enchanted_book":2,"minecraft:stone_brick_stairs":1,"gravestone:obituary":8,"duneons:redgoldvangard":4,"duneons:ashblock":2,"iceandfire:frozen_stone":1,"duneons:coin":2,"minecraft:string":18,"minecraft:raw_copper":4,"duneons:goldchest":2,"minecraft:cobbled_deepslate":106,"iceandfire:frost_lily":1,"minecraft:beef":5,"duneons:strengthenironpickaxe":1,"iceandfire:frozen_gravel":2,"iceandfire:dragonscales_red":18,"minecraft:chest":1,"duneons:smallbow":2,"duneons:crateropes":1,"minecraft:egg":2,"iceandfire:ice_dragon_heart":4,"minecraft:raw_iron":37,"minecraft:stick":2,"iceandfire:dragonbone":42,"minecraft:oak_fence":1,"iceandfire:dragonscales_white":45,"minecraft:porkchop":4,"duneons:magicwand":2,"duneons:saber":3,"duneons:sanctumstonepatternedgildedtop":1,"minecraft:stone_button":1,"minecraft:redstone":10,"iceandfire:dragon_skull_ice":6,"duneons:dungeonbarrel":1,"minecraft:arrow":8,"minecraft:rotten_flesh":3,"minecraft:beetroot_seeds":4,"duneons:desertvase":2,"iceandfire:fire_dragon_heart":1,"duneons:soul_scythe":1,"duneons:royaleshield":2,"minecraft:gold_ingot":38,"minecraft:obsidian":4,"duneons:goldmace":3,"minecraft:mutton":9,"duneons:goatgear_chestplate":1,"minecraft:white_wool":5,"minecraft:cobblestone":29,"duneons:dungeonscharreddirt":32,"iceandfire:sapphire_gem":1,"minecraft:cooked_beef":3,"minecraft:leather":10,"minecraft:potato":7,"duneons:wrapped_gift":2,"minecraft:tuff":12,"minecraft:oak_log":5,"duneons:purplevangardpotion":1,"minecraft:gunpowder":2,"duneons:darkstonewall":1,"minecraft:dirt":4,"minecraft:lantern":2,"duneons:wagonblock":2,"duneons:charredgrassblock":1,"minecraft:bone":10,"minecraft:chipped_anvil":1,"minecraft:bow":3,"duneons:crumsoncoresword":2,"minecraft:wheat_seeds":3,"minecraft:iron_ingot":2,"minecraft:stone_pickaxe":1,"minecraft:iron_sword":1,"iceandfire:fire_dragon_flesh":4,"duneons:highlandgoldwood":1,"minecraft:book":6,"duneons:keydiamond":2,"duneons:red_stone_golem_skull":2,"iceandfire:copper_nugget":14,"duneons:anvilwithhammer":2,"duneons:dungeonscharredcobblestone":94,"iceandfire:dragonscales_sapphire":23,"minecraft:dandelion":1,"duneons:dungeonscharredcobblestoneslab":9,"iceandfire:dragon_skull_fire":1,"iceandfire:frozen_dirt":10,"minecraft:dark_oak_log":9,"minecraft:spider_eye":2,"minecraft:mossy_cobblestone":2,"minecraft:polished_andesite":1,"duneons:tablebook":1,"duneons:gateblock":1,"minecraft:diamond":7,"duneons:energybag":1,"duneons:featherblue":2,"minecraft:lever":1,"duneons:ravagergatewood_3":1,"minecraft:golden_apple":2,"iceandfire:ice_dragon_flesh":9,"minecraft:emerald":15,"duneons:miniredstonegolem":1,"minecraft:oak_sapling":2,"iceandfire:silver_nugget":300,"iceandfire:raw_silver":5},"minecraft:killed":{"minecraft:cave_spider":3,"minecraft:spider":1,"duneons:wraith":1,"duneons:vindicatorvariant":2,"minecraft:skeleton":11,"duneons:pigchest":1,"duneons:squallgolem":2,"duneons:redstonegolem":1,"duneons:slimetropical":1,"minecraft:pig":2,"minecraft:creeper":2,"duneons:mountaineer":17,"minecraft:sheep":1,"minecraft:zombie":6,"minecraft:stray":2,"iceandfire:ice_dragon":1,"minecraft:cow":3},"minecraft:used":{"duneons:highlandgoldwood":1,"minecraft:enchanting_table":1,"sophisticatedbackpacks:iron_backpack":1,"duneons:saber":10,"iceandfire:dragon_skull_ice":1,"duneons:ravagergatewood_3":1,"minecraft:chest":2,"duneons:dungeonscharreddirt":18,"duneons:gateblock":1,"minecraft:dirt":4,"minecraft:carrot":19,"duneons:crumsoncoresword":176,"duneons:goatgear_chestplate":1,"minecraft:dark_oak_planks":4,"minecraft:chipped_anvil":1,"duneons:tablebook":1,"minecraft:iron_axe":5,"minecraft:lantern":2,"duneons:dungeonscharredcobblestone":10,"duneons:rampartbrazier":1,"duneons:crateropes":1,"minecraft:oak_sapling":1,"minecraft:potato":2,"minecraft:cooked_beef":5,"minecraft:cobbled_deepslate":2,"minecraft:cooked_mutton":5,"duneons:charredgrassblock":1,"iceandfire:frozen_gravel":2,"duneons:miniredstonegolem":1,"minecraft:stone_pickaxe":27,"duneons:goldchest":2,"minecraft:crafting_table":3,"duneons:strengthenironpickaxe":12,"minecraft:cod":2,"duneons:anvilwithhammer":1,"iceandfire:silver_pickaxe":106,"minecraft:apple":16,"minecraft:iron_pickaxe":8,"minecraft:enchanted_book":1,"minecraft:cobblestone":14,"iceandfire:dragon_skull_fire":1,"duneons:wrapped_gift":2,"duneons:highlandberries":3}},"DataVersion":3465}