{"stats":{"minecraft:killed_by":{"minecraft:cave_spider":1,"iceandfire:ice_dragon":6,"iceandfire:fire_dragon":1},"minecraft:crafted":{"minecraft:oak_planks":20,"minecraft:cooked_mutton":9,"duneons:randomatoolbox":1,"minecraft:chest":2,"sophisticatedbackpacks:backpack":1,"minecraft:crafting_table":4,"supplementaries:key":1,"iceandfire:armor_white_boots":2,"minecraft:diamond_pickaxe":1,"minecraft:yellow_dye":1,"iceandfire:armor_white_helmet":2,"minecraft:stick":12,"minecraft:iron_pickaxe":1,"minecraft:iron_ingot":10,"iceandfire:armor_white_chestplate":1,"minecraft:gold_ingot":33,"minecraft:iron_axe":1,"minecraft:dark_oak_planks":36,"sophisticatedbackpacks:iron_backpack":1,"minecraft:cooked_beef":2,"iceandfire:silver_ingot":18,"minecraft:enchanting_table":1,"sophisticatedbackpacks:gold_backpack":2,"minecraft:air":0,"iceandfire:armor_white_leggings":2,"iceandfire:silver_pickaxe":1},"minecraft:broken":{"duneons:strengthenironpickaxe":1,"iceandfire:armor_white_boots":1,"duneons:crumsoncoresword":1,"duneons:goatgear_helmet":1,"duneons:goatgear_chestplate":1},"minecraft:mined":{"minecraft:white_bed":2,"iceandfire:copper_pile":1,"duneons:ashblock":1,"duneons:charredstone":5,"minecraft:granite":2,"minecraft:grass_block":5,"sophisticatedbackpacks:iron_backpack":1,"iceandfire:lectern":1,"duneons:dungeonbarrel":1,"minecraft:spawner":3,"duneons:biggrasscreeper":2,"duneons:charredgrassblock":1,"minecraft:iron_ore":2,"minecraft:cobbled_deepslate":1,"minecraft:fire":3,"duneons:tablebook":1,"minecraft:enchanting_table":1,"duneons:firepumkin":1,"iceandfire:gold_pile":32,"minecraft:dirt_path":1,"duneons:desertvase":2,"farmersdelight:wild_potatoes":7,"minecraft:brown_mushroom":2,"supplementaries:book_pile":1,"iceandfire:dragon_ice_spikes":13,"minecraft:chest":4,"iceandfire:frozen_dirt":5,"minecraft:cobblestone":12,"minecraft:wall_torch":1,"duneons:goldchest":1,"duneons:ravagergatewood_3":1,"minecraft:blue_ice":6,"duneons:dungeonscharredcobblestone":2,"duneons:creeperwoodstallgrass":23,"minecraft:grass":12,"minecraft:oak_log":4,"duneons:icecracked":1,"minecraft:dirt":5,"duneons:dungeonscharreddirt":4,"minecraft:oak_leaves":8,"minecraft:deepslate":41,"duneons:tombstone":1,"iceandfire:silver_ore":5,"minecraft:mossy_cobblestone":1,"minecraft:deepslate_diamond_ore":2,"duneons:bigferncreeperwoods":1,"gravestone:gravestone":9,"iceandfire:frozen_stone":2,"duneons:highlandtallgrass":2,"duneons:peonydied":2,"duneons:anvilwithhammer":1,"minecraft:furnace":2,"duneons:shieldmobspawner":1,"minecraft:bookshelf":2,"minecraft:deepslate_iron_ore":1,"duneons:loot_biggrey":1,"minecraft:lantern":2,"iceandfire:frost_lily":1,"minecraft:stone":19,"minecraft:glass_pane":3,"minecraft:dandelion":1,"iceandfire:frozen_gravel":4,"minecraft:oak_fence":1,"duneons:dustdiamond":3,"minecraft:tall_grass":2,"minecraft:copper_ore":4,"minecraft:diorite":3,"supplementaries:urn":3,"duneons:wrapped_gift":1,"duneons:darkstonewall":1,"duneons:crateropes":1,"iceandfire:silver_pile":2,"minecraft:cobweb":9,"minecraft:chipped_anvil":2},"minecraft:dropped":{"minecraft:iron_sword":3,"minecraft:porkchop":4,"minecraft:oak_log":1,"iceandfire:armor_white_helmet":2,"iceandfire:frozen_dirt":5,"minecraft:chest_minecart":1,"minecraft:cod":9,"sophisticatedbackpacks:gold_backpack":1,"duneons:windhole":1,"minecraft:stone_button":1,"iceandfire:armor_silver_metal_leggings":1,"gravestone:obituary":30,"minecraft:gold_nugget":11,"minecraft:dark_oak_planks":19,"minecraft:gold_ingot":3,"minecraft:lever":1,"minecraft:cobbled_deepslate":25,"minecraft:rotten_flesh":15,"duneons:dungeonbarrel":1,"supplementaries:ash":1,"minecraft:tipped_arrow":1,"iceandfire:armor_silver_metal_boots":1,"minecraft:gunpowder":6,"minecraft:beetroot_seeds":4,"minecraft:stone_brick_stairs":1,"iceandfire:dragonscales_sapphire":10,"minecraft:wheat_seeds":10,"duneons:goatgear_chestplate":1,"duneons:frostwalker_helmet":1,"minecraft:mossy_cobblestone":2,"minecraft:cobblestone":12,"duneons:dungeonscharreddirt":14,"minecraft:polished_andesite":1,"minecraft:stick":6,"duneons:lobbydirtystone":1,"minecraft:torch":1,"duneons:smallbow":2,"duneons:ravagergateiron":1,"minecraft:diamond_helmet":1,"duneons:dungeonscharredcobblestone":36,"minecraft:oak_stairs":1,"iceandfire:armor_white_leggings":4,"minecraft:string":1,"duneons:featherblue":1,"iceandfire:dragon_skull_fire":1,"iceandfire:dragonbone":1,"minecraft:dandelion":1,"duneons:darkstonewall":1,"iceandfire:silver_nugget":12,"duneons:goldmace":1,"minecraft:sweet_berries":2,"duneons:souihealer":1,"minecraft:raw_copper":4,"duneons:saber":3,"duneons:redgoldvangard":4,"minecraft:tuff":12,"duneons:outpostbricks":1,"iceandfire:dragon_skull_ice":1,"duneons:sanctumstonepatternedgildedtop":1,"minecraft:suspicious_stew":1,"duneons:highlandberries":11,"minecraft:diamond_chestplate":4,"minecraft:oak_sapling":2,"minecraft:spider_eye":1,"minecraft:bow":4,"minecraft:stone_pickaxe":1},"minecraft:custom":{"minecraft:interact_with_crafting_table":13,"minecraft:leave_game":4,"minecraft:time_since_death":110487,"minecraft:damage_resisted":5348,"minecraft:sprint_one_cm":240168,"minecraft:drop":185,"minecraft:talked_to_villager":2,"minecraft:play_time":207603,"minecraft:deaths":8,"minecraft:jump":4635,"minecraft:walk_on_water_one_cm":63337,"minecraft:enchant_item":1,"minecraft:interact_with_furnace":9,"minecraft:traded_with_villager":1,"minecraft:sleep_in_bed":1,"minecraft:damage_dealt":19698,"minecraft:crouch_one_cm":19047,"minecraft:mob_kills":76,"minecraft:interact_with_campfire":3,"minecraft:climb_one_cm":145,"minecraft:walk_one_cm":474214,"minecraft:sneak_time":8152,"minecraft:walk_under_water_one_cm":41796,"minecraft:total_world_time":207603,"minecraft:time_since_rest":110524,"minecraft:damage_taken":5757,"minecraft:swim_one_cm":32483,"minecraft:fly_one_cm":315986,"minecraft:open_chest":118,"minecraft:fall_one_cm":65032},"minecraft:picked_up":{"duneons:lobbydirtystone":1,"minecraft:suspicious_stew":2,"duneons:dagger":1,"minecraft:oak_stairs":1,"minecraft:enchanted_book":2,"minecraft:stone_brick_stairs":1,"duneons:redgoldvangard":4,"minecraft:string":21,"duneons:coin":2,"duneons:ashblock":2,"minecraft:raw_copper":4,"duneons:goatgear_helmet":1,"minecraft:gold_nugget":298,"minecraft:cobbled_deepslate":106,"iceandfire:frost_lily":1,"duneons:strengthenironpickaxe":1,"duneons:iceoakwoodfence":1,"iceandfire:frozen_gravel":2,"duneons:smallbow":2,"iceandfire:dragonscales_red":18,"minecraft:furnace":2,"minecraft:tipped_arrow":1,"minecraft:stick":2,"minecraft:oak_fence":1,"duneons:soullanternitem":1,"iceandfire:dragonscales_white":45,"minecraft:porkchop":4,"duneons:magicwand":2,"duneons:saber":3,"duneons:frostwalker_helmet":1,"minecraft:rotten_flesh":16,"iceandfire:fire_dragon_heart":2,"duneons:soul_scythe":1,"supplementaries:ash":1,"duneons:goldmace":3,"minecraft:obsidian":4,"minecraft:cod":5,"minecraft:cobblestone":29,"minecraft:enchanting_table":1,"iceandfire:sapphire_gem":1,"minecraft:cooked_beef":3,"minecraft:potato":7,"minecraft:tuff":12,"duneons:purplevangardpotion":1,"minecraft:dirt":17,"minecraft:lantern":2,"duneons:wagonblock":2,"minecraft:bone":13,"minecraft:chipped_anvil":2,"minecraft:bow":6,"minecraft:wheat_seeds":11,"iceandfire:armor_white_leggings":3,"duneons:highlandgoldwood":1,"duneons:souihealer":2,"duneons:red_stone_golem_skull":2,"duneons:anvilwithhammer":2,"iceandfire:dragonscales_sapphire":23,"duneons:dungeonscharredcobblestoneslab":9,"iceandfire:dragon_skull_fire":2,"sophisticatedbackpacks:iron_backpack":1,"minecraft:mossy_cobblestone":2,"minecraft:dark_oak_log":9,"iceandfire:frozen_dirt":10,"minecraft:polished_andesite":1,"duneons:gateblock":1,"minecraft:diamond":7,"iceandfire:lectern":1,"duneons:energybag":1,"minecraft:lever":1,"duneons:ravagergatewood_3":1,"minecraft:golden_apple":2,"minecraft:emerald":15,"minecraft:oak_sapling":3,"iceandfire:silver_nugget":300,"iceandfire:raw_silver":5,"sophisticatedbackpacks:gold_backpack":1,"minecraft:brown_mushroom":2,"minecraft:chest_minecart":1,"duneons:shield_johan":1,"gravestone:obituary":15,"iceandfire:frozen_stone":1,"duneons:goldchest":2,"iceandfire:bestiary":1,"minecraft:beef":5,"minecraft:chest":5,"duneons:crateropes":1,"iceandfire:ice_dragon_heart":4,"minecraft:egg":2,"minecraft:raw_iron":37,"iceandfire:dragonbone":51,"iceandfire:dragonscales_gray":11,"duneons:sanctumstonepatternedgildedtop":1,"minecraft:stone_button":1,"minecraft:redstone":10,"minecraft:dark_oak_planks":5,"iceandfire:dragon_skull_ice":6,"duneons:dungeonbarrel":3,"minecraft:cooked_cod":8,"minecraft:arrow":19,"minecraft:diamond_chestplate":3,"minecraft:beetroot_seeds":4,"duneons:desertvase":2,"duneons:royaleshield":2,"minecraft:gold_ingot":38,"minecraft:mutton":9,"duneons:goatgear_chestplate":2,"minecraft:white_wool":5,"duneons:dungeonscharreddirt":32,"minecraft:leather":10,"duneons:wrapped_gift":2,"minecraft:oak_log":6,"minecraft:gunpowder":6,"duneons:darkstonewall":1,"duneons:charredgrassblock":1,"duneons:crumsoncoresword":2,"minecraft:iron_ingot":2,"minecraft:stone_pickaxe":1,"minecraft:iron_sword":3,"iceandfire:fire_dragon_flesh":7,"duneons:keydiamond":2,"minecraft:book":6,"iceandfire:copper_nugget":14,"duneons:dungeonscharredcobblestone":95,"minecraft:sweet_berries":4,"minecraft:dandelion":2,"duneons:highlandfern":3,"duneons:spookysword":1,"minecraft:white_bed":2,"minecraft:spider_eye":4,"duneons:tablebook":1,"duneons:featherblue":3,"iceandfire:ice_dragon_flesh":9,"duneons:miniredstonegolem":1,"minecraft:coal":2},"minecraft:killed":{"minecraft:cave_spider":7,"minecraft:spider":3,"duneons:wraith":3,"minecraft:skeleton":11,"duneons:redstonegolem":1,"minecraft:pig":2,"minecraft:creeper":2,"duneons:mountaineer":17,"minecraft:sheep":1,"minecraft:zombie":11,"minecraft:stray":3,"minecraft:cow":3,"duneons:vindicatorvariant":2,"duneons:squallgolem":2,"duneons:pigchest":1,"duneons:frozenzombie":2,"minecraft:husk":2,"duneons:slimetropical":1,"iceandfire:ice_dragon":1},"minecraft:used":{"duneons:dungeonbarrel":1,"iceandfire:dragon_skull_ice":1,"duneons:ravagergatewood_3":1,"minecraft:chest":2,"minecraft:carrot":19,"minecraft:obsidian":1,"minecraft:lantern":2,"duneons:dungeonscharredcobblestone":37,"duneons:rampartbrazier":1,"minecraft:sweet_berries":2,"minecraft:oak_sapling":1,"minecraft:cooked_cod":8,"minecraft:potato":2,"duneons:charredgrassblock":1,"iceandfire:frozen_gravel":2,"minecraft:stone_pickaxe":27,"duneons:miniredstonegolem":1,"duneons:strengthenironpickaxe":12,"duneons:shield_johan":1,"iceandfire:silver_pickaxe":106,"minecraft:string":1,"iceandfire:dragon_skull_fire":1,"duneons:highlandberries":22,"duneons:highlandgoldwood":1,"sophisticatedbackpacks:iron_backpack":1,"minecraft:enchanting_table":1,"duneons:saber":10,"duneons:dungeonscharreddirt":18,"duneons:gateblock":1,"minecraft:dirt":7,"duneons:corn":4,"duneons:crumsoncoresword":194,"duneons:soul_scythe":31,"duneons:goatgear_chestplate":1,"minecraft:dark_oak_planks":4,"duneons:tablebook":1,"minecraft:chipped_anvil":1,"minecraft:iron_axe":17,"duneons:crateropes":1,"minecraft:cooked_beef":5,"minecraft:cobbled_deepslate":2,"minecraft:cooked_mutton":9,"duneons:goldchest":2,"duneons:spookysword":37,"minecraft:crafting_table":4,"minecraft:cod":6,"duneons:anvilwithhammer":1,"minecraft:diamond_pickaxe":32,"minecraft:apple":16,"minecraft:iron_pickaxe":8,"minecraft:enchanted_book":1,"minecraft:cobblestone":14,"duneons:wrapped_gift":2}},"DataVersion":3465}