{"stats":{"minecraft:killed_by":{"minecraft:cave_spider":1,"iceandfire:fire_dragon":1},"minecraft:crafted":{"minecraft:cooked_beef":2,"minecraft:cooked_mutton":5,"minecraft:air":0,"minecraft:iron_ingot":10,"minecraft:dark_oak_planks":36},"minecraft:broken":{"duneons:strengthenironpickaxe":1},"minecraft:mined":{"minecraft:glass_pane":2,"iceandfire:silver_ore":3,"minecraft:mossy_cobblestone":1,"iceandfire:copper_pile":1,"duneons:ashblock":1,"minecraft:oak_fence":1,"gravestone:gravestone":2,"minecraft:grass_block":2,"duneons:dungeonbarrel":1,"duneons:dustdiamond":2,"minecraft:cobblestone":12,"minecraft:wall_torch":1,"duneons:peonydied":2,"minecraft:spawner":1,"duneons:goldchest":1,"duneons:anvilwithhammer":1,"duneons:wrapped_gift":1,"duneons:ravagergatewood_3":1,"minecraft:blue_ice":6,"duneons:crateropes":1,"duneons:creeperwoodstallgrass":13,"duneons:shieldmobspawner":1,"minecraft:grass":7,"minecraft:bookshelf":2,"iceandfire:silver_pile":2,"iceandfire:gold_pile":3,"duneons:icecracked":1,"minecraft:lantern":1,"duneons:desertvase":2,"minecraft:dirt":1,"minecraft:cobweb":9,"minecraft:stone":5,"minecraft:chipped_anvil":1,"minecraft:oak_leaves":2},"minecraft:dropped":{"duneons:goatgear_chestplate":1,"minecraft:porkchop":4,"minecraft:wheat_seeds":1,"minecraft:mossy_cobblestone":2,"duneons:redgoldvangard":4,"minecraft:cobblestone":3,"duneons:outpostbricks":1,"duneons:dungeonscharreddirt":6,"minecraft:cod":8,"duneons:sanctumstonepatternedgildedtop":1,"minecraft:suspicious_stew":1,"minecraft:polished_andesite":1,"minecraft:stick":2,"duneons:windhole":1,"duneons:lobbydirtystone":1,"minecraft:stone_button":1,"minecraft:torch":1,"duneons:smallbow":1,"duneons:ravagergateiron":1,"minecraft:oak_sapling":1,"gravestone:obituary":1,"minecraft:spider_eye":1,"minecraft:stone_brick_stairs":1,"duneons:featherblue":1,"minecraft:dandelion":1},"minecraft:custom":{"minecraft:interact_with_furnace":8,"minecraft:mob_kills":35,"minecraft:interact_with_campfire":3,"minecraft:leave_game":1,"minecraft:time_since_death":21632,"minecraft:sleep_in_bed":1,"minecraft:damage_resisted":230,"minecraft:time_since_rest":6612,"minecraft:sprint_one_cm":86710,"minecraft:damage_taken":976,"minecraft:walk_one_cm":179522,"minecraft:drop":37,"minecraft:damage_dealt":7132,"minecraft:talked_to_villager":1,"minecraft:swim_one_cm":16934,"minecraft:fly_one_cm":104032,"minecraft:open_chest":15,"minecraft:crouch_one_cm":8117,"minecraft:play_time":56201,"minecraft:deaths":2,"minecraft:sneak_time":2927,"minecraft:walk_under_water_one_cm":16874,"minecraft:jump":775,"minecraft:walk_on_water_one_cm":28827,"minecraft:total_world_time":56201,"minecraft:fall_one_cm":23238},"minecraft:picked_up":{"duneons:dungeonscharreddirt":24,"duneons:lobbydirtystone":1,"minecraft:cooked_beef":3,"minecraft:suspicious_stew":1,"minecraft:leather":5,"minecraft:enchanted_book":1,"duneons:wrapped_gift":2,"minecraft:stone_brick_stairs":1,"duneons:redgoldvangard":4,"minecraft:string":15,"minecraft:dirt":3,"duneons:coin":2,"minecraft:lantern":1,"duneons:wagonblock":1,"minecraft:bone":2,"minecraft:chipped_anvil":1,"duneons:goldchest":2,"duneons:crumsoncoresword":1,"minecraft:wheat_seeds":2,"minecraft:beef":5,"minecraft:stone_pickaxe":1,"duneons:strengthenironpickaxe":1,"iceandfire:ice_dragon_heart":1,"duneons:smallbow":1,"duneons:crateropes":1,"duneons:highlandgoldwood":1,"minecraft:book":6,"iceandfire:dragonbone":7,"minecraft:stick":2,"iceandfire:copper_nugget":14,"duneons:anvilwithhammer":2,"minecraft:oak_fence":1,"minecraft:dandelion":1,"minecraft:porkchop":4,"duneons:sanctumstonepatternedgildedtop":1,"minecraft:stone_button":1,"iceandfire:dragon_skull_ice":2,"minecraft:dark_oak_log":9,"minecraft:spider_eye":1,"minecraft:mossy_cobblestone":2,"duneons:dungeonbarrel":1,"minecraft:polished_andesite":1,"minecraft:rotten_flesh":1,"minecraft:arrow":1,"duneons:gateblock":1,"minecraft:diamond":2,"duneons:featherblue":2,"minecraft:lever":1,"duneons:desertvase":2,"duneons:ravagergatewood_3":1,"minecraft:gold_ingot":38,"duneons:goatgear_chestplate":1,"minecraft:oak_sapling":1,"duneons:goldmace":1,"minecraft:mutton":9,"iceandfire:silver_nugget":10,"iceandfire:raw_silver":3,"minecraft:white_wool":5,"minecraft:cobblestone":13},"minecraft:killed":{"duneons:slimetropical":1,"minecraft:cave_spider":3,"minecraft:pig":2,"duneons:wraith":1,"duneons:mountaineer":17,"minecraft:sheep":1,"minecraft:skeleton":2,"minecraft:zombie":1,"duneons:squallgolem":2,"duneons:pigchest":1,"iceandfire:ice_dragon":1,"minecraft:cow":3},"minecraft:used":{"duneons:highlandgoldwood":1,"iceandfire:dragon_skull_ice":1,"minecraft:stone_pickaxe":22,"duneons:ravagergatewood_3":1,"duneons:dungeonscharreddirt":18,"duneons:goldchest":2,"duneons:gateblock":1,"minecraft:dirt":3,"duneons:strengthenironpickaxe":12,"minecraft:cod":2,"duneons:anvilwithhammer":1,"duneons:crumsoncoresword":95,"minecraft:dark_oak_planks":4,"duneons:goatgear_chestplate":1,"minecraft:chipped_anvil":1,"duneons:rampartbrazier":1,"duneons:crateropes":1,"minecraft:cobblestone":6,"duneons:wrapped_gift":2,"duneons:highlandberries":2,"minecraft:cooked_beef":5}},"DataVersion":3465}