{"stats":{"minecraft:crafted":{"minecraft:dark_oak_planks":36},"minecraft:killed_by":{"minecraft:cave_spider":1,"iceandfire:fire_dragon":1},"minecraft:broken":{"duneons:strengthenironpickaxe":1},"minecraft:mined":{"minecraft:glass_pane":2,"iceandfire:silver_ore":3,"minecraft:mossy_cobblestone":1,"iceandfire:copper_pile":1,"duneons:ashblock":1,"gravestone:gravestone":2,"minecraft:grass_block":2,"duneons:dustdiamond":1,"minecraft:cobblestone":12,"minecraft:wall_torch":1,"duneons:peonydied":2,"duneons:goldchest":1,"duneons:anvilwithhammer":1,"duneons:wrapped_gift":1,"duneons:ravagergatewood_3":1,"duneons:crateropes":1,"duneons:creeperwoodstallgrass":13,"minecraft:grass":7,"minecraft:bookshelf":2,"iceandfire:silver_pile":2,"iceandfire:gold_pile":3,"minecraft:dirt":1,"minecraft:cobweb":7,"minecraft:stone":5,"minecraft:chipped_anvil":1,"minecraft:oak_leaves":2},"minecraft:dropped":{"minecraft:porkchop":4,"minecraft:wheat_seeds":1,"minecraft:mossy_cobblestone":2,"duneons:redgoldvangard":4,"minecraft:cobblestone":3,"duneons:outpostbricks":1,"duneons:dungeonscharreddirt":6,"minecraft:cod":8,"duneons:sanctumstonepatternedgildedtop":1,"minecraft:suspicious_stew":1,"minecraft:polished_andesite":1,"minecraft:stick":2,"duneons:windhole":1,"duneons:lobbydirtystone":1,"minecraft:stone_button":1,"minecraft:torch":1,"duneons:smallbow":1,"duneons:ravagergateiron":1,"minecraft:oak_sapling":1,"gravestone:obituary":1,"minecraft:spider_eye":1,"minecraft:stone_brick_stairs":1,"minecraft:dandelion":1},"minecraft:custom":{"minecraft:interact_with_furnace":1,"minecraft:mob_kills":31,"minecraft:interact_with_campfire":3,"minecraft:leave_game":1,"minecraft:time_since_death":9632,"minecraft:damage_resisted":199,"minecraft:time_since_rest":9673,"minecraft:sprint_one_cm":62140,"minecraft:damage_taken":814,"minecraft:walk_one_cm":142301,"minecraft:drop":35,"minecraft:damage_dealt":6329,"minecraft:talked_to_villager":1,"minecraft:swim_one_cm":16934,"minecraft:fly_one_cm":79478,"minecraft:open_chest":11,"minecraft:crouch_one_cm":7610,"minecraft:play_time":44201,"minecraft:deaths":2,"minecraft:sneak_time":2662,"minecraft:walk_under_water_one_cm":11841,"minecraft:jump":577,"minecraft:walk_on_water_one_cm":21329,"minecraft:total_world_time":44201,"minecraft:fall_one_cm":17350},"minecraft:picked_up":{"duneons:dungeonscharreddirt":24,"duneons:lobbydirtystone":1,"minecraft:cooked_beef":3,"minecraft:suspicious_stew":1,"minecraft:leather":5,"duneons:wrapped_gift":2,"minecraft:stone_brick_stairs":1,"duneons:redgoldvangard":4,"minecraft:string":12,"minecraft:dirt":3,"duneons:coin":2,"duneons:wagonblock":1,"minecraft:chipped_anvil":1,"duneons:goldchest":2,"duneons:crumsoncoresword":1,"minecraft:wheat_seeds":2,"minecraft:beef":5,"minecraft:stone_pickaxe":1,"duneons:strengthenironpickaxe":1,"duneons:smallbow":1,"duneons:crateropes":1,"duneons:highlandgoldwood":1,"minecraft:book":6,"minecraft:stick":2,"iceandfire:copper_nugget":14,"duneons:anvilwithhammer":2,"minecraft:dandelion":1,"minecraft:porkchop":4,"duneons:sanctumstonepatternedgildedtop":1,"minecraft:stone_button":1,"minecraft:dark_oak_log":9,"minecraft:spider_eye":1,"minecraft:mossy_cobblestone":2,"minecraft:polished_andesite":1,"duneons:gateblock":1,"minecraft:diamond":1,"duneons:featherblue":1,"duneons:ravagergatewood_3":1,"minecraft:gold_ingot":38,"minecraft:oak_sapling":1,"duneons:goldmace":1,"minecraft:mutton":9,"iceandfire:silver_nugget":10,"iceandfire:raw_silver":3,"minecraft:white_wool":5,"minecraft:cobblestone":13},"minecraft:killed":{"minecraft:cave_spider":3,"minecraft:pig":2,"duneons:wraith":1,"duneons:mountaineer":17,"minecraft:sheep":1,"minecraft:skeleton":1,"duneons:squallgolem":2,"duneons:pigchest":1,"minecraft:cow":3},"minecraft:used":{"duneons:highlandgoldwood":1,"minecraft:stone_pickaxe":14,"duneons:ravagergatewood_3":1,"duneons:dungeonscharreddirt":18,"duneons:goldchest":2,"duneons:gateblock":1,"minecraft:dirt":3,"duneons:strengthenironpickaxe":12,"minecraft:cod":2,"duneons:anvilwithhammer":1,"duneons:crumsoncoresword":84,"minecraft:chipped_anvil":1,"duneons:rampartbrazier":1,"duneons:crateropes":1,"minecraft:cobblestone":3,"duneons:wrapped_gift":2,"minecraft:cooked_beef":3}},"DataVersion":3465}