{"stats":{"minecraft:killed_by":{"minecraft:cave_spider":1,"iceandfire:ice_dragon":6,"iceandfire:fire_dragon":1},"minecraft:crafted":{"minecraft:oak_planks":16,"minecraft:cooked_mutton":9,"duneons:randomatoolbox":1,"minecraft:chest":2,"sophisticatedbackpacks:backpack":1,"minecraft:crafting_table":3,"supplementaries:key":1,"iceandfire:armor_white_boots":2,"minecraft:diamond_pickaxe":1,"minecraft:yellow_dye":1,"iceandfire:armor_white_helmet":2,"minecraft:stick":12,"minecraft:iron_ingot":10,"minecraft:iron_pickaxe":1,"iceandfire:armor_white_chestplate":1,"minecraft:iron_axe":1,"minecraft:dark_oak_planks":36,"sophisticatedbackpacks:iron_backpack":1,"minecraft:cooked_beef":2,"iceandfire:silver_ingot":18,"minecraft:enchanting_table":1,"sophisticatedbackpacks:gold_backpack":2,"minecraft:air":0,"iceandfire:armor_white_leggings":2,"iceandfire:silver_pickaxe":1},"minecraft:broken":{"duneons:strengthenironpickaxe":1,"iceandfire:armor_white_boots":1,"duneons:crumsoncoresword":1,"duneons:goatgear_helmet":1,"duneons:goatgear_chestplate":1},"minecraft:mined":{"minecraft:white_bed":2,"iceandfire:copper_pile":1,"duneons:ashblock":1,"duneons:charredstone":5,"minecraft:granite":2,"minecraft:grass_block":3,"sophisticatedbackpacks:iron_backpack":1,"iceandfire:lectern":1,"duneons:dungeonbarrel":1,"minecraft:spawner":3,"duneons:charredgrassblock":1,"minecraft:iron_ore":2,"minecraft:cobbled_deepslate":1,"minecraft:fire":3,"duneons:tablebook":1,"minecraft:enchanting_table":1,"duneons:firepumkin":1,"iceandfire:gold_pile":3,"minecraft:dirt_path":1,"duneons:desertvase":2,"farmersdelight:wild_potatoes":7,"minecraft:brown_mushroom":2,"supplementaries:book_pile":1,"iceandfire:dragon_ice_spikes":13,"minecraft:chest":4,"iceandfire:frozen_dirt":5,"minecraft:cobblestone":12,"minecraft:wall_torch":1,"duneons:goldchest":1,"duneons:ravagergatewood_3":1,"minecraft:blue_ice":6,"duneons:dungeonscharredcobblestone":2,"duneons:creeperwoodstallgrass":13,"minecraft:grass":12,"minecraft:oak_log":4,"duneons:icecracked":1,"minecraft:dirt":3,"duneons:dungeonscharreddirt":4,"minecraft:oak_leaves":3,"minecraft:deepslate":41,"duneons:tombstone":1,"iceandfire:silver_ore":5,"minecraft:mossy_cobblestone":1,"minecraft:deepslate_diamond_ore":2,"gravestone:gravestone":9,"iceandfire:frozen_stone":2,"duneons:peonydied":2,"duneons:anvilwithhammer":1,"minecraft:furnace":2,"duneons:shieldmobspawner":1,"minecraft:bookshelf":2,"minecraft:deepslate_iron_ore":1,"duneons:loot_biggrey":1,"minecraft:lantern":2,"iceandfire:frost_lily":1,"minecraft:stone":19,"minecraft:glass_pane":3,"minecraft:dandelion":1,"iceandfire:frozen_gravel":4,"minecraft:oak_fence":1,"duneons:dustdiamond":3,"minecraft:copper_ore":4,"minecraft:tall_grass":1,"minecraft:diorite":3,"supplementaries:urn":3,"duneons:wrapped_gift":1,"duneons:darkstonewall":1,"duneons:crateropes":1,"iceandfire:silver_pile":2,"minecraft:cobweb":9,"minecraft:chipped_anvil":2},"minecraft:dropped":{"minecraft:iron_sword":3,"minecraft:porkchop":4,"minecraft:oak_log":1,"iceandfire:armor_white_helmet":2,"iceandfire:frozen_dirt":5,"minecraft:chest_minecart":1,"minecraft:cod":8,"sophisticatedbackpacks:gold_backpack":1,"duneons:windhole":1,"minecraft:stone_button":1,"iceandfire:armor_silver_metal_leggings":1,"gravestone:obituary":30,"minecraft:gold_nugget":11,"minecraft:dark_oak_planks":19,"minecraft:gold_ingot":3,"minecraft:lever":1,"minecraft:cobbled_deepslate":25,"minecraft:rotten_flesh":15,"duneons:dungeonbarrel":1,"iceandfire:armor_silver_metal_boots":1,"minecraft:gunpowder":6,"minecraft:beetroot_seeds":4,"minecraft:stone_brick_stairs":1,"iceandfire:dragonscales_sapphire":10,"duneons:goatgear_chestplate":1,"minecraft:wheat_seeds":5,"minecraft:mossy_cobblestone":2,"minecraft:cobblestone":12,"duneons:dungeonscharreddirt":14,"minecraft:polished_andesite":1,"minecraft:stick":6,"duneons:lobbydirtystone":1,"minecraft:torch":1,"duneons:smallbow":2,"duneons:ravagergateiron":1,"minecraft:diamond_helmet":1,"duneons:dungeonscharredcobblestone":36,"iceandfire:armor_white_leggings":4,"minecraft:oak_stairs":1,"minecraft:string":1,"duneons:featherblue":1,"iceandfire:dragonbone":1,"minecraft:dandelion":1,"duneons:darkstonewall":1,"iceandfire:silver_nugget":12,"duneons:goldmace":1,"minecraft:sweet_berries":2,"minecraft:raw_copper":4,"duneons:saber":3,"duneons:redgoldvangard":4,"minecraft:tuff":12,"duneons:outpostbricks":1,"iceandfire:dragon_skull_ice":1,"duneons:sanctumstonepatternedgildedtop":1,"minecraft:suspicious_stew":1,"duneons:highlandberries":11,"minecraft:diamond_chestplate":4,"minecraft:oak_sapling":1,"minecraft:spider_eye":1,"minecraft:bow":4,"minecraft:stone_pickaxe":1},"minecraft:custom":{"minecraft:interact_with_crafting_table":12,"minecraft:leave_game":1,"minecraft:time_since_death":55085,"minecraft:damage_resisted":4787,"minecraft:sprint_one_cm":193497,"minecraft:drop":173,"minecraft:talked_to_villager":2,"minecraft:play_time":152201,"minecraft:deaths":8,"minecraft:jump":4308,"minecraft:walk_on_water_one_cm":61908,"minecraft:enchant_item":1,"minecraft:interact_with_furnace":9,"minecraft:traded_with_villager":1,"minecraft:sleep_in_bed":1,"minecraft:damage_dealt":17918,"minecraft:crouch_one_cm":18682,"minecraft:mob_kills":67,"minecraft:interact_with_campfire":3,"minecraft:climb_one_cm":145,"minecraft:walk_one_cm":418449,"minecraft:walk_under_water_one_cm":40380,"minecraft:sneak_time":7978,"minecraft:total_world_time":152201,"minecraft:time_since_rest":55122,"minecraft:damage_taken":4849,"minecraft:swim_one_cm":28760,"minecraft:fly_one_cm":247840,"minecraft:open_chest":118,"minecraft:fall_one_cm":56515},"minecraft:picked_up":{"duneons:lobbydirtystone":1,"minecraft:suspicious_stew":2,"duneons:dagger":1,"minecraft:oak_stairs":1,"minecraft:enchanted_book":2,"minecraft:stone_brick_stairs":1,"duneons:redgoldvangard":4,"minecraft:string":19,"duneons:coin":2,"duneons:ashblock":2,"minecraft:raw_copper":4,"duneons:goatgear_helmet":1,"minecraft:cobbled_deepslate":106,"iceandfire:frost_lily":1,"duneons:strengthenironpickaxe":1,"iceandfire:frozen_gravel":2,"duneons:smallbow":2,"iceandfire:dragonscales_red":18,"minecraft:furnace":2,"minecraft:stick":2,"minecraft:oak_fence":1,"iceandfire:dragonscales_white":45,"minecraft:porkchop":4,"duneons:magicwand":2,"duneons:saber":3,"minecraft:rotten_flesh":16,"iceandfire:fire_dragon_heart":1,"duneons:soul_scythe":1,"duneons:goldmace":3,"minecraft:obsidian":4,"minecraft:cod":5,"minecraft:cobblestone":29,"minecraft:enchanting_table":1,"iceandfire:sapphire_gem":1,"minecraft:cooked_beef":3,"minecraft:potato":7,"minecraft:tuff":12,"duneons:purplevangardpotion":1,"minecraft:dirt":7,"minecraft:lantern":2,"duneons:wagonblock":2,"minecraft:bone":10,"minecraft:chipped_anvil":2,"minecraft:bow":6,"minecraft:wheat_seeds":11,"iceandfire:armor_white_leggings":3,"duneons:highlandgoldwood":1,"duneons:red_stone_golem_skull":2,"duneons:anvilwithhammer":2,"iceandfire:dragonscales_sapphire":23,"duneons:dungeonscharredcobblestoneslab":9,"iceandfire:dragon_skull_fire":1,"sophisticatedbackpacks:iron_backpack":1,"minecraft:mossy_cobblestone":2,"minecraft:dark_oak_log":9,"iceandfire:frozen_dirt":10,"minecraft:polished_andesite":1,"duneons:gateblock":1,"minecraft:diamond":7,"duneons:energybag":1,"iceandfire:lectern":1,"minecraft:lever":1,"duneons:ravagergatewood_3":1,"minecraft:golden_apple":2,"minecraft:emerald":15,"minecraft:oak_sapling":2,"iceandfire:silver_nugget":300,"iceandfire:raw_silver":5,"sophisticatedbackpacks:gold_backpack":1,"minecraft:chest_minecart":1,"minecraft:brown_mushroom":2,"gravestone:obituary":15,"iceandfire:frozen_stone":1,"duneons:goldchest":2,"iceandfire:bestiary":1,"minecraft:beef":5,"duneons:crateropes":1,"minecraft:chest":5,"iceandfire:ice_dragon_heart":4,"minecraft:egg":2,"minecraft:raw_iron":37,"iceandfire:dragonbone":42,"duneons:sanctumstonepatternedgildedtop":1,"minecraft:stone_button":1,"minecraft:redstone":10,"minecraft:dark_oak_planks":5,"iceandfire:dragon_skull_ice":6,"duneons:dungeonbarrel":3,"minecraft:arrow":8,"minecraft:diamond_chestplate":3,"minecraft:cooked_cod":8,"minecraft:beetroot_seeds":4,"duneons:desertvase":2,"duneons:royaleshield":2,"minecraft:gold_ingot":38,"minecraft:mutton":9,"duneons:goatgear_chestplate":2,"minecraft:white_wool":5,"duneons:dungeonscharreddirt":32,"minecraft:leather":10,"duneons:wrapped_gift":2,"minecraft:oak_log":6,"minecraft:gunpowder":6,"duneons:darkstonewall":1,"duneons:charredgrassblock":1,"duneons:crumsoncoresword":2,"minecraft:iron_ingot":2,"minecraft:stone_pickaxe":1,"iceandfire:fire_dragon_flesh":4,"minecraft:iron_sword":3,"minecraft:book":6,"duneons:keydiamond":2,"iceandfire:copper_nugget":14,"duneons:dungeonscharredcobblestone":95,"minecraft:sweet_berries":4,"minecraft:dandelion":2,"minecraft:white_bed":2,"minecraft:spider_eye":2,"duneons:tablebook":1,"duneons:featherblue":2,"iceandfire:ice_dragon_flesh":9,"duneons:miniredstonegolem":1,"minecraft:coal":2},"minecraft:killed":{"minecraft:cave_spider":3,"minecraft:spider":3,"duneons:wraith":3,"minecraft:skeleton":11,"duneons:redstonegolem":1,"minecraft:pig":2,"minecraft:creeper":2,"duneons:mountaineer":17,"minecraft:sheep":1,"minecraft:zombie":10,"minecraft:stray":2,"minecraft:cow":3,"duneons:vindicatorvariant":2,"duneons:squallgolem":2,"duneons:pigchest":1,"duneons:frozenzombie":2,"duneons:slimetropical":1,"iceandfire:ice_dragon":1},"minecraft:used":{"duneons:dungeonbarrel":1,"iceandfire:dragon_skull_ice":1,"duneons:ravagergatewood_3":1,"minecraft:chest":2,"minecraft:carrot":19,"minecraft:obsidian":1,"minecraft:lantern":2,"duneons:dungeonscharredcobblestone":37,"duneons:rampartbrazier":1,"minecraft:oak_sapling":1,"minecraft:cooked_cod":1,"minecraft:potato":2,"duneons:charredgrassblock":1,"iceandfire:frozen_gravel":2,"minecraft:stone_pickaxe":27,"duneons:miniredstonegolem":1,"duneons:strengthenironpickaxe":12,"iceandfire:silver_pickaxe":106,"minecraft:string":1,"iceandfire:dragon_skull_fire":1,"duneons:highlandberries":22,"duneons:highlandgoldwood":1,"sophisticatedbackpacks:iron_backpack":1,"minecraft:enchanting_table":1,"duneons:saber":10,"duneons:dungeonscharreddirt":18,"duneons:gateblock":1,"minecraft:dirt":6,"duneons:crumsoncoresword":194,"duneons:soul_scythe":16,"duneons:goatgear_chestplate":1,"minecraft:dark_oak_planks":4,"duneons:tablebook":1,"minecraft:chipped_anvil":1,"minecraft:iron_axe":17,"duneons:crateropes":1,"minecraft:cooked_beef":5,"minecraft:cobbled_deepslate":2,"minecraft:cooked_mutton":9,"duneons:goldchest":2,"minecraft:crafting_table":3,"minecraft:cod":2,"duneons:anvilwithhammer":1,"minecraft:diamond_pickaxe":5,"minecraft:apple":16,"minecraft:iron_pickaxe":8,"minecraft:enchanted_book":1,"minecraft:cobblestone":14,"duneons:wrapped_gift":2}},"DataVersion":3465}