{"stats":{"minecraft:killed_by":{"minecraft:cave_spider":1,"iceandfire:fire_dragon":1},"minecraft:crafted":{"minecraft:cooked_mutton":5,"duneons:randomatoolbox":1,"minecraft:dark_oak_planks":36,"minecraft:cooked_beef":2,"iceandfire:silver_ingot":3,"minecraft:crafting_table":1,"minecraft:air":0,"iceandfire:armor_white_leggings":1,"minecraft:stick":4,"minecraft:iron_ingot":10,"iceandfire:silver_pickaxe":1},"minecraft:broken":{"duneons:strengthenironpickaxe":1},"minecraft:mined":{"iceandfire:silver_ore":3,"minecraft:mossy_cobblestone":1,"iceandfire:copper_pile":1,"duneons:ashblock":1,"gravestone:gravestone":2,"minecraft:grass_block":2,"duneons:dungeonbarrel":1,"duneons:peonydied":2,"minecraft:spawner":1,"duneons:anvilwithhammer":1,"minecraft:iron_ore":2,"duneons:tablebook":1,"duneons:shieldmobspawner":1,"minecraft:bookshelf":2,"minecraft:dirt_path":1,"iceandfire:gold_pile":3,"minecraft:lantern":2,"duneons:desertvase":2,"minecraft:stone":5,"farmersdelight:wild_potatoes":7,"minecraft:glass_pane":2,"minecraft:oak_fence":1,"iceandfire:frozen_gravel":2,"iceandfire:dragon_ice_spikes":1,"duneons:dustdiamond":3,"minecraft:cobblestone":12,"minecraft:wall_torch":1,"duneons:goldchest":1,"duneons:wrapped_gift":1,"duneons:ravagergatewood_3":1,"minecraft:blue_ice":6,"duneons:crateropes":1,"duneons:creeperwoodstallgrass":13,"minecraft:grass":10,"iceandfire:silver_pile":2,"duneons:icecracked":1,"minecraft:dirt":1,"minecraft:cobweb":9,"minecraft:chipped_anvil":1,"minecraft:oak_leaves":2},"minecraft:dropped":{"iceandfire:dragonscales_sapphire":9,"minecraft:wheat_seeds":1,"minecraft:porkchop":4,"duneons:goatgear_chestplate":1,"minecraft:mossy_cobblestone":2,"minecraft:cobblestone":3,"duneons:dungeonscharreddirt":6,"minecraft:cod":8,"minecraft:stick":2,"minecraft:polished_andesite":1,"duneons:windhole":1,"duneons:lobbydirtystone":1,"minecraft:stone_button":1,"minecraft:torch":1,"duneons:smallbow":1,"iceandfire:armor_silver_metal_leggings":1,"duneons:ravagergateiron":1,"gravestone:obituary":2,"duneons:featherblue":1,"minecraft:dandelion":1,"iceandfire:dragonbone":1,"minecraft:lever":1,"duneons:redgoldvangard":4,"duneons:outpostbricks":1,"duneons:sanctumstonepatternedgildedtop":1,"minecraft:suspicious_stew":1,"iceandfire:armor_silver_metal_boots":1,"minecraft:oak_sapling":1,"minecraft:spider_eye":1,"minecraft:stone_pickaxe":1,"minecraft:stone_brick_stairs":1},"minecraft:custom":{"minecraft:mob_kills":37,"minecraft:interact_with_crafting_table":3,"minecraft:interact_with_campfire":3,"minecraft:leave_game":1,"minecraft:time_since_death":33632,"minecraft:damage_resisted":398,"minecraft:sprint_one_cm":109127,"minecraft:walk_one_cm":213468,"minecraft:drop":45,"minecraft:talked_to_villager":2,"minecraft:play_time":68201,"minecraft:deaths":2,"minecraft:sneak_time":3349,"minecraft:walk_under_water_one_cm":16938,"minecraft:jump":944,"minecraft:walk_on_water_one_cm":29056,"minecraft:total_world_time":68201,"minecraft:interact_with_furnace":8,"minecraft:traded_with_villager":1,"minecraft:sleep_in_bed":1,"minecraft:time_since_rest":18612,"minecraft:damage_taken":1150,"minecraft:damage_dealt":7468,"minecraft:swim_one_cm":16934,"minecraft:fly_one_cm":127268,"minecraft:open_chest":29,"minecraft:crouch_one_cm":9494,"minecraft:fall_one_cm":31497},"minecraft:picked_up":{"duneons:lobbydirtystone":1,"minecraft:suspicious_stew":1,"minecraft:enchanted_book":1,"minecraft:stone_brick_stairs":1,"gravestone:obituary":1,"duneons:redgoldvangard":4,"duneons:coin":2,"minecraft:string":15,"duneons:goldchest":2,"minecraft:beef":5,"duneons:strengthenironpickaxe":1,"duneons:smallbow":1,"duneons:crateropes":1,"iceandfire:ice_dragon_heart":2,"minecraft:raw_iron":2,"minecraft:stick":2,"iceandfire:dragonbone":16,"minecraft:oak_fence":1,"iceandfire:dragonscales_white":22,"minecraft:porkchop":4,"duneons:saber":1,"duneons:sanctumstonepatternedgildedtop":1,"minecraft:stone_button":1,"iceandfire:dragon_skull_ice":2,"duneons:dungeonbarrel":1,"minecraft:arrow":1,"minecraft:rotten_flesh":1,"duneons:desertvase":2,"minecraft:gold_ingot":38,"duneons:goldmace":1,"minecraft:mutton":9,"duneons:goatgear_chestplate":1,"minecraft:white_wool":5,"minecraft:cobblestone":13,"duneons:dungeonscharreddirt":24,"minecraft:cooked_beef":3,"minecraft:leather":5,"minecraft:potato":7,"duneons:wrapped_gift":2,"duneons:purplevangardpotion":1,"minecraft:dirt":4,"minecraft:lantern":2,"duneons:wagonblock":1,"minecraft:bone":2,"minecraft:chipped_anvil":1,"duneons:crumsoncoresword":1,"minecraft:wheat_seeds":2,"minecraft:stone_pickaxe":1,"duneons:highlandgoldwood":1,"minecraft:book":6,"duneons:keydiamond":1,"iceandfire:copper_nugget":14,"duneons:anvilwithhammer":2,"iceandfire:dragonscales_sapphire":12,"minecraft:dandelion":1,"duneons:dungeonscharredcobblestoneslab":1,"minecraft:dark_oak_log":9,"minecraft:spider_eye":1,"minecraft:mossy_cobblestone":2,"minecraft:polished_andesite":1,"duneons:tablebook":1,"duneons:gateblock":1,"minecraft:diamond":3,"duneons:energybag":1,"duneons:featherblue":2,"minecraft:lever":1,"duneons:ravagergatewood_3":1,"iceandfire:ice_dragon_flesh":1,"minecraft:oak_sapling":1,"iceandfire:silver_nugget":28,"iceandfire:raw_silver":3},"minecraft:killed":{"minecraft:cave_spider":3,"duneons:wraith":1,"minecraft:skeleton":3,"duneons:pigchest":1,"duneons:squallgolem":2,"duneons:slimetropical":1,"minecraft:pig":2,"duneons:mountaineer":17,"minecraft:sheep":1,"minecraft:zombie":2,"iceandfire:ice_dragon":1,"minecraft:cow":3},"minecraft:used":{"duneons:highlandgoldwood":1,"duneons:saber":3,"iceandfire:dragon_skull_ice":1,"duneons:ravagergatewood_3":1,"duneons:dungeonscharreddirt":18,"duneons:gateblock":1,"minecraft:dirt":4,"duneons:crumsoncoresword":96,"duneons:goatgear_chestplate":1,"minecraft:dark_oak_planks":4,"minecraft:chipped_anvil":1,"duneons:tablebook":1,"minecraft:lantern":1,"duneons:rampartbrazier":1,"duneons:crateropes":1,"minecraft:potato":2,"minecraft:cooked_beef":5,"minecraft:cooked_mutton":2,"minecraft:stone_pickaxe":27,"duneons:goldchest":2,"minecraft:crafting_table":1,"duneons:strengthenironpickaxe":12,"minecraft:cod":2,"duneons:anvilwithhammer":1,"iceandfire:silver_pickaxe":2,"minecraft:cobblestone":6,"duneons:wrapped_gift":2,"duneons:highlandberries":2}},"DataVersion":3465}