{"stats":{"minecraft:dropped":{"minecraft:iron_sword":2,"duneons:miniredstonegolem":1,"minecraft:porkchop":1,"iceandfire:silver_axe":2,"iceandfire:armor_white_helmet":1,"minecraft:diamond":2,"duneons:halberd":1,"iceandfire:ice_dragon_flesh":1,"duneons:claymoreblade":1,"minecraft:leather":5,"minecraft:emerald":34,"minecraft:dark_oak_log":18,"minecraft:dark_oak_fence":2,"iceandfire:armor_silver_metal_leggings":1,"minecraft:mutton":5,"gravestone:obituary":40,"farmersdelight:onion":2,"minecraft:iron_pickaxe":1,"duneons:skeletonspear":1,"duneons:royaleshield":2,"minecraft:gold_ingot":38,"minecraft:compass":1,"minecraft:cobbled_deepslate":22,"minecraft:wheat":2,"minecraft:obsidian":4,"minecraft:rotten_flesh":14,"duneons:brownbook":3,"duneons:applebox":1,"duneons:gateblock":1,"minecraft:carrot":1,"duneons:energybag":1,"minecraft:poppy":2,"iceandfire:sapphire_gem":1,"supplementaries:flax_seeds":2,"iceandfire:armor_silver_metal_boots":1,"minecraft:skeleton_skull":1,"minecraft:chest":1,"iceandfire:bestiary":1,"duneons:crumsoncoresword":1,"minecraft:arrow":6,"duneons:cornbox":1,"iceandfire:manuscript":11,"minecraft:egg":2,"minecraft:enchanted_book":1,"minecraft:water_bucket":1,"minecraft:iron_ingot":19,"minecraft:bread":15,"iceandfire:dragonscales_sapphire":12,"duneons:goatgear_chestplate":1,"minecraft:wheat_seeds":14,"duneons:powerfulbow":1,"duneons:purplevangardpotion":1,"duneons:soul_scythe":1,"minecraft:feather":5,"minecraft:iron_helmet":3,"minecraft:cobblestone":136,"minecraft:apple":7,"duneons:lobbydirtystone":1,"minecraft:torch":4,"duneons:smallbow":1,"duneons:dungeonscharredcobblestone":12,"duneons:goatgear_helmet":1,"duneons:mountaineeraxeiron":2,"minecraft:string":10,"duneons:featherblue":2,"minecraft:spruce_sapling":2,"minecraft:redstone":10,"iceandfire:silver_nugget":13,"minecraft:furnace":1,"duneons:goldmace":2,"duneons:bluevase":1,"duneons:souihealer":1,"duneons:red_stone_golem_skull":2,"minecraft:raw_copper":18,"minecraft:bowl":2,"duneons:redgoldvangard":3,"minecraft:raw_iron":18,"duneons:magicwand":1,"minecraft:chicken":2,"duneons:highlandfern":8,"minecraft:iron_boots":1,"iceandfire:troll_tusk":1,"duneons:bookshelfdun":1,"minecraft:stone":3,"minecraft:shield":3,"minecraft:flower_pot":2,"minecraft:allium":9,"minecraft:spruce_planks":49,"minecraft:spider_eye":1,"minecraft:stone_pickaxe":2,"minecraft:wooden_pickaxe":2},"minecraft:used":{"iceandfire:lectern":1,"minecraft:chest":1,"minecraft:shield":25,"minecraft:iron_sword":34,"duneons:ravager_gatewood":2,"minecraft:mutton":2,"minecraft:carrot":21,"duneons:icefortlamp":1,"minecraft:snowball":3,"duneons:dungeonscharredcobblestone":19,"duneons:crystalblue":4,"duneons:supportbeamwood":1,"duneons:halberd":10,"minecraft:stone_brick_stairs":2,"minecraft:stone_bricks":12,"duneons:lavabrickblock":2,"duneons:vasedungeon":1,"minecraft:red_carpet":5,"duneons:fencecorner":1,"minecraft:sweet_berries":54,"supplementaries:ash":1,"minecraft:oak_sapling":1,"minecraft:furnace":1,"duneons:sickles":44,"duneons:monstera":1,"duneons:mossendirt":10,"minecraft:diorite":3,"duneons:bookshelfvangard":3,"duneons:charredgrassblock":1,"duneons:desertvase":1,"iceandfire:frozen_gravel":1,"minecraft:stone_pickaxe":150,"minecraft:oak_planks":2,"duneons:miniredstonegolem":2,"duneons:tablecloth":1,"minecraft:white_wool":3,"minecraft:blast_furnace":1,"iceandfire:silver_axe":123,"duneons:dagger":2,"iceandfire:silver_pickaxe":94,"minecraft:bread":45,"minecraft:gravel":1,"minecraft:jungle_sign":2,"duneons:red_stone_golem_skull":2,"duneons:highlandberries":12,"minecraft:cobweb":9,"minecraft:redstone":10,"duneons:greenswoed":252,"duneons:dungeonscharreddirt":42,"minecraft:torch":43,"duneons:redgoldvangardcarpet":1,"minecraft:brewing_stand":1,"minecraft:dirt":28,"duneons:whitespideregg":2,"duneons:dungeonscharredcobblestoneslab":3,"duneons:goldmace":134,"minecraft:spruce_fence":1,"duneons:soul_scythe":45,"duneons:mountaineeraxeiron":1,"minecraft:dark_oak_planks":7,"minecraft:iron_axe":54,"duneons:mushroomcreeperwoods":1,"duneons:sanctumstonecutgilded":1,"minecraft:iron_boots":1,"iceandfire:dragon_ice":2,"minecraft:gunpowder":2,"minecraft:beef":3,"duneons:latticestonedirt":6,"duneons:golemruin":1,"minecraft:cobbled_deepslate":2,"minecraft:brown_bed":1,"minecraft:iron_leggings":1,"duneons:highblockhallsdoor":2,"minecraft:rabbit":1,"minecraft:brown_mushroom":2,"minecraft:salmon":1,"duneons:dirtbricker":1,"farmersdelight:onion":4,"duneons:claymoreblade":22,"minecraft:oak_slab":3,"minecraft:crafting_table":10,"minecraft:white_bed":4,"minecraft:oak_log":2,"duneons:spidereggtreetop":1,"minecraft:apple":11,"minecraft:map":1,"minecraft:iron_pickaxe":393,"minecraft:suspicious_stew":1,"minecraft:stone_axe":132,"minecraft:cobblestone":2,"minecraft:porkchop":4,"duneons:wrapped_gift":1,"minecraft:bucket":2,"minecraft:pumpkin_pie":2,"duneons:featherblue":3},"minecraft:custom":{"minecraft:interact_with_crafting_table":41,"minecraft:leave_game":1,"minecraft:time_since_death":10287,"minecraft:sprint_one_cm":549005,"minecraft:damage_blocked_by_shield":495,"minecraft:drop":261,"minecraft:talked_to_villager":5,"minecraft:play_time":224197,"minecraft:deaths":32,"minecraft:jump":3690,"minecraft:interact_with_brewingstand":1,"minecraft:walk_on_water_one_cm":86187,"minecraft:interact_with_furnace":18,"minecraft:traded_with_villager":2,"minecraft:sleep_in_bed":5,"minecraft:damage_dealt":32860,"minecraft:crouch_one_cm":29529,"minecraft:interact_with_smoker":1,"minecraft:interact_with_smithing_table":1,"minecraft:interact_with_anvil":6,"minecraft:mob_kills":87,"minecraft:climb_one_cm":2284,"minecraft:walk_one_cm":602886,"minecraft:damage_dealt_absorbed":26,"minecraft:sneak_time":15610,"minecraft:walk_under_water_one_cm":35705,"minecraft:interact_with_blast_furnace":1,"minecraft:total_world_time":224197,"minecraft:interact_with_stonecutter":1,"minecraft:interact_with_grindstone":6,"minecraft:time_since_rest":10311,"minecraft:damage_taken":12551,"minecraft:swim_one_cm":79847,"minecraft:fly_one_cm":690882,"minecraft:open_chest":178,"minecraft:fall_one_cm":140687},"minecraft:killed_by":{"minecraft:cave_spider":1,"iceandfire:ice_dragon":10,"minecraft:zombie":1,"duneons:wraith":1,"duneons:electric":1,"minecraft:player":1,"minecraft:iron_golem":1,"duneons:tempestgolem":1,"duneons:wickedwraith":1,"minecraft:skeleton":2,"duneons:mountaineer":1},"minecraft:mined":{"minecraft:spruce_planks":1,"duneons:golemruin_3":1,"minecraft:white_bed":3,"duneons:ashblock":5,"minecraft:cobblestone_stairs":1,"duneons:highlandgoldwood":1,"minecraft:brewing_stand":1,"duneons:charredstone":1,"minecraft:granite":8,"minecraft:grass_block":7,"iceandfire:lectern":1,"duneons:dungeonbarrel":1,"minecraft:frosted_ice":3,"duneons:sanctumstonecutgilded":1,"minecraft:chiseled_stone_bricks":1,"minecraft:spawner":1,"duneons:cornbox":1,"duneons:redgoldvangard":1,"duneons:charredgrassblock":2,"duneons:monstera":2,"minecraft:iron_ore":9,"minecraft:fire":11,"duneons:vangardcarpetblock":1,"duneons:bigmonstera":2,"minecraft:deepslate_lapis_ore":7,"minecraft:brown_bed":1,"duneons:firepumkin":1,"iceandfire:gold_pile":86,"duneons:gift_wrap":1,"duneons:gateblock":1,"iceandfire:chared_cobblestone":1,"minecraft:deepslate_redstone_ore":2,"duneons:vasedungeon":2,"duneons:claycap":1,"minecraft:clay":1,"iceandfire:dragon_ice_spikes":8,"minecraft:torch":9,"minecraft:blast_furnace":2,"minecraft:chest":2,"iceandfire:frozen_dirt":1,"supplementaries:wild_flax":4,"duneons:ferncreeperwoods":3,"minecraft:cobblestone":6,"duneons:azure_crystal":2,"minecraft:oak_planks":4,"minecraft:iron_door":1,"minecraft:wall_torch":17,"minecraft:skeleton_skull":1,"duneons:highblockhallsdoor":2,"duneons:icefortlamp":1,"duneons:spidereggtreetop":1,"minecraft:wheat":33,"minecraft:blue_ice":13,"minecraft:stone_brick_stairs":1,"duneons:creeperwoodstallgrass":56,"minecraft:grass":115,"minecraft:oak_log":32,"minecraft:beetroots":1,"minecraft:dirt":20,"duneons:bluebook_2":1,"duneons:dungeonscharreddirt":45,"minecraft:deepslate":69,"minecraft:oak_leaves":24,"duneons:redgoldvangardcarpet":1,"duneons:tombstone":2,"duneons:bigclayvase":1,"duneons:bluevangardvase":2,"iceandfire:silver_ore":3,"minecraft:deepslate_diamond_ore":1,"duneons:bigferncreeperwoods":2,"duneons:fenceend":1,"farmersdelight:wild_carrots":8,"duneons:spideregg":1,"iceandfire:frozen_cobblestone":5,"gravestone:gravestone":29,"minecraft:dark_oak_fence":2,"iceandfire:frozen_stone":13,"minecraft:allium":1,"minecraft:spruce_fence":1,"minecraft:decorated_pot":2,"duneons:highlandtallgrass":10,"minecraft:redstone_wire":1,"minecraft:spruce_leaves":22,"duneons:peonydied":2,"minecraft:large_fern":6,"minecraft:hay_block":38,"farmersdelight:wild_onions":4,"duneons:mysterycarpet":1,"minecraft:furnace":1,"duneons:red_stone_golem_skull":2,"duneons:books":1,"duneons:shieldmobspawner":1,"minecraft:bookshelf":37,"minecraft:deepslate_iron_ore":15,"minecraft:vine":1,"duneons:loot_biggrey":1,"duneons:mossendirt":11,"duneons:ravager_gatewood":1,"duneons:tablecloth":1,"minecraft:stone":146,"minecraft:smithing_table":2,"minecraft:podzol":2,"duneons:clayvase":5,"minecraft:oak_slab":3,"duneons:coins":1,"iceandfire:frozen_gravel":1,"minecraft:crafting_table":5,"minecraft:campfire":6,"duneons:applebox":1,"duneons:bluevase":1,"minecraft:copper_ore":2,"minecraft:tall_grass":42,"duneons:naturalcandle":1,"duneons:bookshelfdun":1,"duneons:berries":4,"minecraft:birch_planks":1,"duneons:blockchest":1,"duneons:wrapped_gift":1,"duneons:brownbook":1,"duneons:whitespideregg":2,"minecraft:sweet_berry_bush":20,"minecraft:ice":1,"minecraft:spruce_log":33,"duneons:highlandfern":2,"minecraft:yellow_bed":2,"minecraft:coal_ore":19,"iceandfire:silver_pile":59,"minecraft:flower_pot":1,"duneons:teapot":2,"minecraft:stone_bricks":8,"minecraft:polished_andesite":9,"duneons:mushroomcreeperwoods":1,"minecraft:mossy_stone_bricks":1,"duneons:lavabrickblock":2,"minecraft:fern":17},"minecraft:picked_up":{"minecraft:wheat":39,"duneons:lobbydirtystone":2,"minecraft:flower_pot":2,"minecraft:suspicious_stew":1,"minecraft:smithing_table":2,"minecraft:oak_stairs":1,"minecraft:brown_bed":1,"minecraft:stone_brick_stairs":3,"minecraft:brewing_stand":2,"duneons:redgoldvangard":3,"duneons:highblockhallsdoor":2,"minecraft:string":12,"duneons:coin":13,"duneons:ashblock":4,"minecraft:raw_copper":42,"minecraft:gold_nugget":893,"minecraft:cobbled_deepslate":114,"minecraft:spruce_planks":1,"duneons:lavabrickblock":2,"minecraft:iron_pickaxe":4,"iceandfire:frozen_gravel":1,"duneons:smallbow":2,"minecraft:furnace":1,"duneons:sanctumstonecutgilded":1,"minecraft:tipped_arrow":1,"minecraft:stick":9,"duneons:bluevase":1,"minecraft:torch":44,"minecraft:porkchop":9,"duneons:magicwand":3,"minecraft:diorite":3,"duneons:latticestonedirt":6,"duneons:frostwalker_helmet":1,"duneons:firepumkin":1,"iceandfire:armor_silver_metal_boots":1,"minecraft:rotten_flesh":22,"farmersdelight:onion":4,"duneons:monstera":2,"duneons:soul_scythe":3,"supplementaries:ash":1,"duneons:goldmace":4,"minecraft:snowball":3,"minecraft:cobblestone":230,"iceandfire:sapphire_gem":1,"duneons:crystalblue":4,"minecraft:feather":7,"minecraft:iron_door":1,"duneons:cornbox":1,"minecraft:tuff":10,"duneons:purplevangardpotion":3,"supplementaries:flax_seeds":6,"duneons:fencecorner":2,"duneons:tablecloth":1,"minecraft:lapis_lazuli":42,"duneons:golemruin":1,"minecraft:dirt":44,"minecraft:bone":9,"duneons:bigmonstera":1,"duneons:mossendirt":12,"minecraft:bow":1,"minecraft:wheat_seeds":97,"duneons:claymoreblade":1,"minecraft:rabbit":1,"minecraft:oak_planks":3,"duneons:mushroomcreeperwoods":1,"duneons:souihealer":1,"duneons:red_stone_golem_skull":4,"iceandfire:dragonscales_sapphire":12,"duneons:dungeonscharredcobblestoneslab":3,"minecraft:dark_oak_log":9,"iceandfire:frozen_dirt":1,"minecraft:mossy_cobblestone":1,"iceandfire:chared_cobblestone":1,"minecraft:polished_andesite":9,"duneons:ravager_gatewood":1,"duneons:gateblock":1,"minecraft:diamond":3,"iceandfire:lectern":1,"iceandfire:dragon_ice":2,"minecraft:granite":8,"minecraft:bread":1,"minecraft:emerald":31,"minecraft:charcoal":12,"iceandfire:silver_nugget":676,"minecraft:oak_sapling":1,"minecraft:dark_oak_fence":2,"iceandfire:raw_silver":3,"duneons:highlandberries":1,"duneons:icefortlamp":1,"minecraft:crafting_table":6,"minecraft:allium":9,"minecraft:chicken":2,"minecraft:brown_mushroom":2,"minecraft:wooden_pickaxe":4,"iceandfire:frozen_cobblestone":5,"gravestone:obituary":32,"minecraft:brick":4,"minecraft:shield":3,"iceandfire:frozen_stone":13,"duneons:whitespideregg":2,"minecraft:beef":10,"duneons:redgoldvangardcarpet":1,"iceandfire:armor_silver_metal_leggings":1,"duneons:bookshelfvangard":3,"minecraft:poppy":2,"minecraft:light_gray_wool":2,"duneons:supportbeamwood":1,"minecraft:sugar_cane":1,"minecraft:chest":2,"duneons:bookshelfdun":1,"minecraft:egg":3,"minecraft:raw_iron":25,"minecraft:stone":3,"iceandfire:troll_tusk":1,"minecraft:bowl":1,"minecraft:spruce_fence":1,"duneons:greenswoed":1,"minecraft:stone_button":2,"minecraft:carrot":8,"minecraft:redstone":14,"minecraft:jungle_sign":2,"minecraft:dark_oak_planks":14,"minecraft:arrow":10,"minecraft:beetroot_seeds":1,"minecraft:pumpkin_pie":2,"duneons:desertvase":1,"minecraft:hay_block":37,"duneons:royaleshield":1,"duneons:vasedungeon":2,"minecraft:gold_ingot":2,"duneons:halberd":1,"minecraft:oxeye_daisy":1,"minecraft:mutton":19,"minecraft:skeleton_skull":1,"minecraft:white_wool":14,"duneons:brownbook":3,"iceandfire:silver_axe":1,"duneons:dungeonscharreddirt":54,"minecraft:salmon":1,"minecraft:leather":6,"duneons:applebox":1,"duneons:wrapped_gift":1,"minecraft:oak_log":32,"duneons:dirtbricker":1,"minecraft:cobblestone_stairs":1,"duneons:sickles":1,"duneons:charredgrassblock":3,"minecraft:red_carpet":5,"minecraft:stone_bricks":16,"duneons:crumsoncoresword":1,"duneons:spidereggtreetop":1,"minecraft:iron_ingot":40,"minecraft:stone_pickaxe":4,"duneons:mountaineeraxeiron":2,"iceandfire:armor_white_helmet":2,"minecraft:book":212,"duneons:keydiamond":4,"minecraft:oak_slab":3,"duneons:dungeonscharredcobblestone":48,"minecraft:sweet_berries":48,"duneons:highlandfern":4,"iceandfire:ash":1,"minecraft:gravel":1,"minecraft:spruce_sapling":3,"minecraft:blast_furnace":2,"minecraft:white_bed":4,"minecraft:spruce_log":44,"minecraft:spider_eye":1,"duneons:teapot":1,"minecraft:stone_axe":1,"duneons:featherblue":2,"minecraft:iron_helmet":1,"iceandfire:ice_dragon_flesh":4,"duneons:miniredstonegolem":3,"minecraft:coal":16},"minecraft:killed":{"duneons:wickedwraithattack":1,"minecraft:spider":4,"minecraft:skeleton":4,"minecraft:chicken":2,"minecraft:pig":3,"minecraft:zombie_villager":1,"minecraft:salmon":1,"minecraft:iron_golem":1,"duneons:mountaineer":20,"minecraft:sheep":11,"minecraft:pillager":1,"duneons:tempestgolem":1,"minecraft:zombie":10,"minecraft:stray":2,"minecraft:cow":6,"minecraft:horse":2,"iceandfire:fire_dragon":1,"duneons:squallgolem":11,"duneons:pigchest":2,"duneons:gift_wrapper":1,"iceandfire:ice_dragon":1},"minecraft:broken":{"duneons:goldmace":1,"duneons:greenswoed":1,"minecraft:shield":1,"duneons:mountaineeraxeiron":1},"minecraft:crafted":{"minecraft:oak_planks":40,"iceandfire:armor_silver_metal_chestplate":1,"iceandfire:armor_silver_metal_leggings":1,"minecraft:chest":2,"iceandfire:silver_axe":1,"minecraft:emerald":2,"minecraft:crafting_table":6,"minecraft:spruce_planks":80,"minecraft:charcoal":1,"minecraft:shield":1,"minecraft:stick":16,"minecraft:iron_pickaxe":1,"minecraft:iron_ingot":1,"minecraft:gold_ingot":92,"minecraft:furnace":1,"minecraft:iron_axe":1,"minecraft:stone_pickaxe":2,"iceandfire:armor_silver_metal_boots":1,"minecraft:wheat":317,"iceandfire:silver_ingot":72,"minecraft:iron_sword":1,"minecraft:bucket":2,"minecraft:stone_axe":1,"minecraft:bread":110,"minecraft:air":0,"iceandfire:armor_silver_metal_helmet":1,"iceandfire:bestiary":1,"minecraft:golden_apple":5,"minecraft:white_bed":1,"minecraft:torch":8,"iceandfire:silver_pickaxe":1}},"DataVersion":3465}