{"stats":{"minecraft:crafted":{"minecraft:furnace":1,"minecraft:stone_pickaxe":2,"minecraft:crafting_table":2,"minecraft:spruce_planks":52,"minecraft:stone_axe":1,"minecraft:air":0,"minecraft:charcoal":1,"minecraft:shield":1,"minecraft:stick":4,"minecraft:gold_ingot":38,"minecraft:white_bed":1,"minecraft:torch":4},"minecraft:killed_by":{"minecraft:player":1,"minecraft:iron_golem":1,"minecraft:skeleton":1},"minecraft:broken":{"duneons:mountaineeraxeiron":1},"minecraft:mined":{"minecraft:spruce_planks":1,"minecraft:white_bed":3,"duneons:ashblock":5,"duneons:fenceend":1,"minecraft:cobblestone_stairs":1,"duneons:highlandgoldwood":1,"duneons:spideregg":1,"minecraft:brewing_stand":1,"minecraft:dark_oak_fence":2,"gravestone:gravestone":4,"minecraft:grass_block":2,"duneons:highlandtallgrass":2,"iceandfire:lectern":1,"minecraft:spruce_leaves":12,"duneons:sanctumstonecutgilded":1,"minecraft:spawner":1,"minecraft:hay_block":13,"minecraft:large_fern":3,"duneons:redgoldvangard":1,"duneons:charredgrassblock":2,"minecraft:furnace":1,"duneons:red_stone_golem_skull":2,"minecraft:fire":3,"duneons:vangardcarpetblock":1,"duneons:books":1,"duneons:shieldmobspawner":1,"minecraft:bookshelf":37,"iceandfire:gold_pile":37,"duneons:mossendirt":11,"duneons:gift_wrap":1,"duneons:tablecloth":1,"minecraft:stone":71,"duneons:gateblock":1,"minecraft:oak_slab":3,"duneons:vasedungeon":1,"duneons:claycap":1,"minecraft:clay":1,"minecraft:crafting_table":3,"minecraft:torch":4,"duneons:applebox":1,"supplementaries:wild_flax":2,"duneons:bluevase":1,"minecraft:tall_grass":5,"duneons:ferncreeperwoods":2,"minecraft:copper_ore":1,"minecraft:cobblestone":5,"duneons:azure_crystal":2,"duneons:bookshelfdun":1,"minecraft:wall_torch":9,"minecraft:skeleton_skull":1,"minecraft:birch_planks":1,"duneons:blockchest":1,"duneons:brownbook":1,"minecraft:sweet_berry_bush":10,"duneons:whitespideregg":2,"minecraft:spruce_log":14,"duneons:creeperwoodstallgrass":25,"minecraft:grass":19,"minecraft:coal_ore":10,"minecraft:oak_log":3,"minecraft:beetroots":1,"minecraft:dirt":8,"minecraft:flower_pot":1,"duneons:bluebook_2":1,"duneons:teapot":1,"duneons:dungeonscharreddirt":19,"minecraft:stone_bricks":5,"minecraft:mossy_stone_bricks":1,"minecraft:oak_leaves":9,"duneons:redgoldvangardcarpet":1,"minecraft:fern":16},"minecraft:dropped":{"minecraft:wheat_seeds":3,"minecraft:feather":2,"minecraft:cobblestone":64,"minecraft:emerald":4,"minecraft:dark_oak_log":18,"duneons:lobbydirtystone":1,"minecraft:dark_oak_fence":2,"minecraft:torch":2,"minecraft:mutton":5,"gravestone:obituary":6,"minecraft:string":8,"minecraft:spruce_sapling":2,"minecraft:gold_ingot":38,"minecraft:furnace":1,"duneons:goldmace":1,"duneons:bluevase":1,"minecraft:raw_copper":1,"minecraft:bowl":2,"duneons:redgoldvangard":3,"minecraft:chicken":2,"duneons:brownbook":3,"duneons:applebox":1,"duneons:gateblock":1,"minecraft:carrot":1,"duneons:bookshelfdun":1,"minecraft:poppy":2,"supplementaries:flax_seeds":2,"minecraft:flower_pot":2,"minecraft:skeleton_skull":1,"minecraft:spruce_planks":19,"duneons:crumsoncoresword":1,"minecraft:stone_pickaxe":2,"minecraft:wooden_pickaxe":2},"minecraft:custom":{"minecraft:mob_kills":18,"minecraft:interact_with_crafting_table":13,"minecraft:time_since_death":6010,"minecraft:sprint_one_cm":170807,"minecraft:walk_one_cm":181883,"minecraft:drop":90,"minecraft:damage_dealt_absorbed":26,"minecraft:play_time":71603,"minecraft:deaths":5,"minecraft:sneak_time":4040,"minecraft:walk_under_water_one_cm":19809,"minecraft:jump":952,"minecraft:interact_with_brewingstand":1,"minecraft:walk_on_water_one_cm":40978,"minecraft:total_world_time":71603,"minecraft:interact_with_furnace":4,"minecraft:sleep_in_bed":3,"minecraft:time_since_rest":278,"minecraft:damage_taken":2650,"minecraft:damage_dealt":6166,"minecraft:swim_one_cm":48070,"minecraft:fly_one_cm":179092,"minecraft:open_chest":11,"minecraft:crouch_one_cm":6426,"minecraft:fall_one_cm":29694},"minecraft:picked_up":{"duneons:highlandberries":1,"minecraft:crafting_table":4,"duneons:lobbydirtystone":2,"minecraft:chicken":2,"minecraft:flower_pot":2,"minecraft:suspicious_stew":1,"minecraft:wooden_pickaxe":4,"minecraft:stone_brick_stairs":2,"gravestone:obituary":3,"duneons:redgoldvangard":3,"minecraft:brewing_stand":2,"minecraft:string":8,"duneons:ashblock":4,"minecraft:raw_copper":25,"duneons:whitespideregg":2,"minecraft:gold_nugget":323,"minecraft:spruce_planks":1,"minecraft:beef":3,"duneons:redgoldvangardcarpet":1,"duneons:bookshelfvangard":3,"minecraft:poppy":2,"minecraft:iron_pickaxe":2,"minecraft:light_gray_wool":2,"duneons:smallbow":1,"duneons:bookshelfdun":1,"duneons:supportbeamwood":1,"duneons:sanctumstonecutgilded":1,"minecraft:furnace":1,"minecraft:raw_iron":1,"minecraft:stick":5,"duneons:bluevase":1,"minecraft:bowl":1,"minecraft:torch":18,"minecraft:porkchop":4,"duneons:magicwand":2,"minecraft:beetroot_seeds":1,"minecraft:hay_block":13,"duneons:soul_scythe":2,"duneons:goldmace":3,"minecraft:mutton":7,"minecraft:white_wool":6,"minecraft:skeleton_skull":1,"duneons:brownbook":3,"minecraft:cobblestone":157,"duneons:dungeonscharreddirt":28,"duneons:crystalblue":4,"minecraft:feather":4,"minecraft:salmon":1,"duneons:applebox":1,"minecraft:oak_log":3,"duneons:purplevangardpotion":2,"supplementaries:flax_seeds":6,"duneons:fencecorner":2,"minecraft:cobblestone_stairs":1,"duneons:tablecloth":1,"minecraft:dirt":10,"duneons:charredgrassblock":2,"minecraft:red_carpet":5,"duneons:mossendirt":12,"minecraft:stone_bricks":16,"duneons:crumsoncoresword":1,"minecraft:wheat_seeds":4,"minecraft:stone_pickaxe":4,"minecraft:iron_ingot":7,"duneons:mountaineeraxeiron":1,"minecraft:book":212,"minecraft:oak_slab":3,"duneons:red_stone_golem_skull":2,"minecraft:sweet_berries":25,"minecraft:spruce_sapling":2,"minecraft:white_bed":4,"minecraft:spruce_log":26,"minecraft:dark_oak_log":9,"minecraft:mossy_cobblestone":1,"duneons:gateblock":1,"iceandfire:lectern":1,"minecraft:stone_axe":1,"minecraft:emerald":4,"minecraft:oak_sapling":1,"duneons:miniredstonegolem":1,"minecraft:coal":8,"minecraft:dark_oak_fence":2},"minecraft:killed":{"duneons:squallgolem":1,"minecraft:chicken":2,"minecraft:pig":2,"minecraft:salmon":1,"minecraft:iron_golem":1,"duneons:mountaineer":4,"minecraft:sheep":2,"minecraft:pillager":1,"minecraft:cow":3},"minecraft:used":{"iceandfire:lectern":1,"duneons:dungeonscharreddirt":16,"minecraft:torch":17,"duneons:redgoldvangardcarpet":1,"minecraft:brewing_stand":1,"minecraft:dirt":7,"minecraft:mutton":2,"duneons:whitespideregg":2,"minecraft:carrot":17,"duneons:goldmace":42,"duneons:soul_scythe":45,"duneons:mountaineeraxeiron":1,"duneons:crystalblue":4,"duneons:sanctumstonecutgilded":1,"duneons:supportbeamwood":1,"minecraft:stone_brick_stairs":2,"minecraft:stone_bricks":12,"minecraft:red_carpet":5,"duneons:fencecorner":1,"minecraft:beef":3,"minecraft:sweet_berries":38,"minecraft:oak_sapling":1,"minecraft:furnace":1,"duneons:mossendirt":10,"duneons:bookshelfvangard":3,"minecraft:stone_pickaxe":150,"duneons:miniredstonegolem":1,"duneons:tablecloth":1,"minecraft:white_wool":2,"minecraft:salmon":1,"minecraft:oak_slab":3,"minecraft:crafting_table":5,"minecraft:white_bed":4,"minecraft:oak_log":2,"minecraft:suspicious_stew":1,"minecraft:iron_pickaxe":59,"minecraft:stone_axe":118,"duneons:red_stone_golem_skull":2,"minecraft:porkchop":4,"duneons:highlandberries":8,"minecraft:cobweb":9}},"DataVersion":3465}