{"stats":{"minecraft:crafted":{"minecraft:crafting_table":1,"minecraft:spruce_planks":28,"minecraft:furnace":1,"minecraft:stone_axe":1,"minecraft:air":0,"minecraft:charcoal":1,"minecraft:stick":4,"minecraft:stone_pickaxe":1,"minecraft:white_bed":1,"minecraft:torch":4},"minecraft:mined":{"minecraft:oak_slab":3,"duneons:vasedungeon":1,"duneons:claycap":1,"minecraft:spruce_planks":1,"minecraft:white_bed":2,"duneons:fenceend":1,"minecraft:brewing_stand":1,"minecraft:clay":1,"minecraft:crafting_table":3,"minecraft:torch":2,"minecraft:grass_block":1,"duneons:applebox":1,"duneons:bluevase":1,"supplementaries:wild_flax":2,"minecraft:cobblestone":5,"minecraft:copper_ore":1,"minecraft:spruce_leaves":12,"duneons:bookshelfdun":1,"minecraft:wall_torch":1,"minecraft:skeleton_skull":1,"minecraft:large_fern":3,"duneons:redgoldvangard":1,"duneons:blockchest":1,"minecraft:furnace":1,"minecraft:fire":1,"duneons:brownbook":1,"minecraft:sweet_berry_bush":10,"duneons:vangardcarpetblock":1,"minecraft:spruce_log":14,"duneons:books":1,"duneons:shieldmobspawner":1,"minecraft:grass":7,"minecraft:bookshelf":37,"duneons:mossendirt":11,"duneons:gift_wrap":1,"duneons:bluebook_2":1,"minecraft:flower_pot":1,"minecraft:dirt":5,"duneons:teapot":1,"duneons:tablecloth":1,"minecraft:stone_bricks":5,"duneons:dungeonscharreddirt":17,"minecraft:stone":68,"minecraft:mossy_stone_bricks":1,"duneons:redgoldvangardcarpet":1,"minecraft:fern":13},"minecraft:dropped":{"minecraft:furnace":1,"duneons:bluevase":1,"minecraft:wheat_seeds":1,"minecraft:raw_copper":1,"duneons:redgoldvangard":1,"minecraft:cobblestone":64,"duneons:applebox":1,"supplementaries:flax_seeds":2,"minecraft:flower_pot":2,"minecraft:spruce_planks":19,"minecraft:skeleton_skull":1,"minecraft:torch":2,"duneons:crumsoncoresword":1,"minecraft:wooden_pickaxe":1,"minecraft:stone_pickaxe":1,"minecraft:spruce_sapling":2},"minecraft:custom":{"minecraft:interact_with_furnace":3,"minecraft:mob_kills":6,"minecraft:interact_with_crafting_table":7,"minecraft:time_since_death":29603,"minecraft:sleep_in_bed":2,"minecraft:time_since_rest":4170,"minecraft:sprint_one_cm":63890,"minecraft:damage_taken":90,"minecraft:walk_one_cm":73956,"minecraft:drop":17,"minecraft:damage_dealt":350,"minecraft:swim_one_cm":17361,"minecraft:fly_one_cm":41913,"minecraft:crouch_one_cm":2140,"minecraft:play_time":29603,"minecraft:sneak_time":1186,"minecraft:walk_under_water_one_cm":12973,"minecraft:jump":305,"minecraft:interact_with_brewingstand":1,"minecraft:walk_on_water_one_cm":23457,"minecraft:total_world_time":29603,"minecraft:fall_one_cm":5070},"minecraft:picked_up":{"duneons:dungeonscharreddirt":20,"minecraft:crafting_table":3,"duneons:lobbydirtystone":1,"minecraft:feather":2,"minecraft:chicken":2,"minecraft:flower_pot":2,"minecraft:suspicious_stew":1,"minecraft:salmon":1,"duneons:applebox":1,"minecraft:wooden_pickaxe":1,"duneons:purplevangardpotion":1,"supplementaries:flax_seeds":2,"duneons:redgoldvangard":1,"minecraft:brewing_stand":1,"duneons:fencecorner":1,"duneons:tablecloth":1,"minecraft:dirt":5,"minecraft:raw_copper":13,"minecraft:red_carpet":5,"minecraft:stone_bricks":14,"duneons:mossendirt":11,"duneons:crumsoncoresword":1,"minecraft:wheat_seeds":1,"minecraft:spruce_planks":1,"minecraft:iron_ingot":2,"minecraft:stone_pickaxe":1,"minecraft:light_gray_wool":1,"duneons:bookshelfdun":1,"minecraft:furnace":1,"minecraft:book":106,"minecraft:oak_slab":3,"minecraft:stick":2,"duneons:red_stone_golem_skull":1,"duneons:bluevase":1,"minecraft:sweet_berries":25,"minecraft:torch":5,"minecraft:porkchop":4,"duneons:magicwand":1,"minecraft:spruce_sapling":2,"minecraft:white_bed":2,"minecraft:spruce_log":20,"duneons:soul_scythe":1,"duneons:miniredstonegolem":1,"duneons:goldmace":1,"duneons:brownbook":3,"minecraft:mutton":6,"minecraft:skeleton_skull":1,"minecraft:white_wool":4,"minecraft:cobblestone":85},"minecraft:killed":{"minecraft:pig":2,"minecraft:salmon":1,"minecraft:sheep":1,"minecraft:chicken":2},"minecraft:used":{"duneons:mossendirt":10,"minecraft:stone_pickaxe":142,"duneons:miniredstonegolem":1,"duneons:dungeonscharreddirt":4,"minecraft:torch":5,"minecraft:dirt":5,"minecraft:mutton":1,"minecraft:crafting_table":3,"minecraft:white_bed":2,"minecraft:stone_bricks":12,"minecraft:stone_axe":86,"minecraft:red_carpet":3,"minecraft:sweet_berries":22,"minecraft:furnace":1}},"DataVersion":3465}