{"stats":{"minecraft:killed_by":{"minecraft:skeleton":1},"minecraft:crafted":{"minecraft:furnace":1,"minecraft:stone_pickaxe":2,"minecraft:crafting_table":1,"minecraft:spruce_planks":28,"minecraft:stone_axe":1,"minecraft:air":0,"minecraft:charcoal":1,"minecraft:stick":4,"minecraft:white_bed":1,"minecraft:torch":4},"minecraft:broken":{"duneons:mountaineeraxeiron":1},"minecraft:mined":{"minecraft:spruce_planks":1,"minecraft:white_bed":2,"duneons:ashblock":5,"duneons:fenceend":1,"duneons:highlandgoldwood":1,"duneons:spideregg":1,"minecraft:brewing_stand":1,"gravestone:gravestone":2,"minecraft:grass_block":2,"duneons:highlandtallgrass":2,"minecraft:spruce_leaves":12,"duneons:sanctumstonecutgilded":1,"minecraft:spawner":1,"minecraft:large_fern":3,"duneons:redgoldvangard":1,"duneons:charredgrassblock":2,"minecraft:furnace":1,"duneons:red_stone_golem_skull":2,"minecraft:fire":1,"duneons:vangardcarpetblock":1,"duneons:books":1,"duneons:shieldmobspawner":1,"minecraft:bookshelf":37,"duneons:mossendirt":11,"duneons:gift_wrap":1,"duneons:tablecloth":1,"minecraft:stone":70,"duneons:gateblock":1,"minecraft:oak_slab":3,"duneons:vasedungeon":1,"duneons:claycap":1,"minecraft:clay":1,"minecraft:crafting_table":3,"minecraft:torch":4,"duneons:applebox":1,"supplementaries:wild_flax":2,"duneons:bluevase":1,"minecraft:tall_grass":2,"duneons:ferncreeperwoods":2,"minecraft:copper_ore":1,"minecraft:cobblestone":5,"duneons:azure_crystal":2,"duneons:bookshelfdun":1,"minecraft:wall_torch":9,"minecraft:skeleton_skull":1,"duneons:blockchest":1,"duneons:brownbook":1,"minecraft:sweet_berry_bush":10,"duneons:whitespideregg":2,"minecraft:spruce_log":14,"duneons:creeperwoodstallgrass":25,"minecraft:grass":11,"minecraft:oak_log":3,"minecraft:dirt":5,"minecraft:flower_pot":1,"duneons:bluebook_2":1,"duneons:teapot":1,"duneons:dungeonscharreddirt":19,"minecraft:stone_bricks":5,"minecraft:mossy_stone_bricks":1,"minecraft:oak_leaves":9,"duneons:redgoldvangardcarpet":1,"minecraft:fern":16},"minecraft:dropped":{"minecraft:wheat_seeds":3,"minecraft:feather":2,"minecraft:cobblestone":64,"duneons:lobbydirtystone":1,"minecraft:torch":2,"minecraft:mutton":5,"gravestone:obituary":5,"minecraft:spruce_sapling":2,"minecraft:furnace":1,"duneons:bluevase":1,"minecraft:raw_copper":1,"minecraft:bowl":2,"duneons:redgoldvangard":3,"minecraft:chicken":2,"duneons:brownbook":3,"duneons:applebox":1,"duneons:gateblock":1,"duneons:bookshelfdun":1,"supplementaries:flax_seeds":2,"minecraft:flower_pot":2,"minecraft:skeleton_skull":1,"minecraft:spruce_planks":19,"duneons:crumsoncoresword":1,"minecraft:stone_pickaxe":1,"minecraft:wooden_pickaxe":2},"minecraft:custom":{"minecraft:mob_kills":15,"minecraft:interact_with_crafting_table":7,"minecraft:time_since_death":4703,"minecraft:sprint_one_cm":144995,"minecraft:walk_one_cm":146080,"minecraft:drop":41,"minecraft:damage_dealt_absorbed":26,"minecraft:play_time":59603,"minecraft:deaths":3,"minecraft:sneak_time":3063,"minecraft:walk_under_water_one_cm":19692,"minecraft:jump":763,"minecraft:interact_with_brewingstand":1,"minecraft:walk_on_water_one_cm":40196,"minecraft:total_world_time":59603,"minecraft:interact_with_furnace":3,"minecraft:sleep_in_bed":2,"minecraft:time_since_rest":4728,"minecraft:damage_taken":1715,"minecraft:damage_dealt":4899,"minecraft:swim_one_cm":44897,"minecraft:fly_one_cm":132401,"minecraft:open_chest":2,"minecraft:crouch_one_cm":4409,"minecraft:fall_one_cm":22077},"minecraft:picked_up":{"duneons:highlandberries":1,"minecraft:crafting_table":4,"duneons:lobbydirtystone":2,"minecraft:chicken":2,"minecraft:flower_pot":2,"minecraft:suspicious_stew":1,"minecraft:wooden_pickaxe":4,"minecraft:stone_brick_stairs":2,"gravestone:obituary":2,"duneons:redgoldvangard":3,"minecraft:brewing_stand":2,"minecraft:string":4,"duneons:ashblock":4,"minecraft:raw_copper":25,"duneons:whitespideregg":2,"minecraft:spruce_planks":1,"minecraft:beef":3,"duneons:redgoldvangardcarpet":1,"minecraft:iron_pickaxe":2,"minecraft:light_gray_wool":2,"duneons:smallbow":1,"duneons:bookshelfdun":1,"duneons:supportbeamwood":1,"duneons:sanctumstonecutgilded":1,"minecraft:furnace":1,"minecraft:stick":4,"duneons:bluevase":1,"minecraft:bowl":1,"minecraft:torch":17,"minecraft:porkchop":4,"duneons:magicwand":2,"duneons:soul_scythe":2,"duneons:goldmace":2,"minecraft:mutton":7,"minecraft:white_wool":6,"minecraft:skeleton_skull":1,"duneons:brownbook":3,"minecraft:cobblestone":154,"duneons:dungeonscharreddirt":28,"duneons:crystalblue":4,"minecraft:feather":4,"minecraft:salmon":1,"duneons:applebox":1,"minecraft:oak_log":3,"duneons:purplevangardpotion":2,"supplementaries:flax_seeds":6,"duneons:fencecorner":2,"duneons:tablecloth":1,"minecraft:dirt":7,"duneons:charredgrassblock":2,"minecraft:red_carpet":5,"duneons:mossendirt":12,"minecraft:stone_bricks":16,"duneons:crumsoncoresword":1,"minecraft:wheat_seeds":3,"minecraft:stone_pickaxe":4,"minecraft:iron_ingot":4,"duneons:mountaineeraxeiron":1,"minecraft:book":212,"minecraft:oak_slab":3,"duneons:red_stone_golem_skull":2,"minecraft:sweet_berries":25,"minecraft:spruce_sapling":2,"minecraft:white_bed":3,"minecraft:spruce_log":26,"duneons:gateblock":1,"minecraft:stone_axe":1,"minecraft:oak_sapling":1,"duneons:miniredstonegolem":1},"minecraft:killed":{"duneons:squallgolem":1,"minecraft:chicken":2,"minecraft:pig":2,"minecraft:salmon":1,"duneons:mountaineer":4,"minecraft:sheep":2,"minecraft:cow":3},"minecraft:used":{"duneons:dungeonscharreddirt":16,"minecraft:torch":17,"duneons:redgoldvangardcarpet":1,"minecraft:brewing_stand":1,"minecraft:dirt":7,"minecraft:mutton":1,"duneons:whitespideregg":2,"duneons:goldmace":17,"duneons:soul_scythe":41,"duneons:mountaineeraxeiron":1,"duneons:crystalblue":4,"duneons:sanctumstonecutgilded":1,"duneons:supportbeamwood":1,"minecraft:stone_brick_stairs":2,"minecraft:stone_bricks":12,"minecraft:red_carpet":5,"duneons:fencecorner":1,"minecraft:beef":3,"minecraft:sweet_berries":38,"minecraft:oak_sapling":1,"minecraft:furnace":1,"duneons:mossendirt":10,"minecraft:stone_pickaxe":148,"duneons:miniredstonegolem":1,"duneons:tablecloth":1,"minecraft:salmon":1,"minecraft:oak_slab":3,"minecraft:crafting_table":3,"minecraft:white_bed":3,"minecraft:suspicious_stew":1,"minecraft:iron_pickaxe":21,"minecraft:stone_axe":118,"duneons:red_stone_golem_skull":2,"minecraft:porkchop":4,"duneons:highlandberries":8}},"DataVersion":3465}