{"stats":{"minecraft:killed_by":{"iceandfire:ice_dragon":2,"duneons:electric":1,"minecraft:player":1,"minecraft:iron_golem":1,"minecraft:skeleton":1},"minecraft:crafted":{"iceandfire:armor_silver_metal_chestplate":1,"iceandfire:armor_silver_metal_leggings":1,"minecraft:chest":1,"minecraft:crafting_table":3,"minecraft:spruce_planks":80,"minecraft:charcoal":1,"minecraft:shield":1,"minecraft:stick":4,"minecraft:iron_ingot":1,"minecraft:gold_ingot":38,"minecraft:furnace":1,"minecraft:stone_pickaxe":2,"iceandfire:armor_silver_metal_boots":1,"minecraft:wheat":117,"iceandfire:silver_ingot":58,"minecraft:stone_axe":1,"minecraft:bread":41,"minecraft:air":0,"iceandfire:armor_silver_metal_helmet":1,"iceandfire:bestiary":1,"minecraft:golden_apple":5,"minecraft:white_bed":1,"minecraft:torch":8},"minecraft:broken":{"duneons:goldmace":1,"duneons:mountaineeraxeiron":1},"minecraft:mined":{"duneons:golemruin_3":1,"minecraft:spruce_planks":1,"minecraft:white_bed":3,"duneons:ashblock":5,"minecraft:cobblestone_stairs":1,"duneons:highlandgoldwood":1,"minecraft:brewing_stand":1,"duneons:charredstone":1,"minecraft:grass_block":2,"iceandfire:lectern":1,"duneons:dungeonbarrel":1,"duneons:sanctumstonecutgilded":1,"minecraft:chiseled_stone_bricks":1,"minecraft:spawner":1,"duneons:redgoldvangard":1,"duneons:charredgrassblock":2,"minecraft:fire":3,"minecraft:iron_ore":3,"duneons:vangardcarpetblock":1,"minecraft:deepslate_lapis_ore":7,"duneons:firepumkin":1,"iceandfire:gold_pile":37,"duneons:gift_wrap":1,"duneons:gateblock":1,"minecraft:deepslate_redstone_ore":2,"duneons:vasedungeon":1,"duneons:claycap":1,"minecraft:torch":9,"minecraft:clay":1,"iceandfire:dragon_ice_spikes":6,"supplementaries:wild_flax":3,"iceandfire:frozen_dirt":1,"duneons:ferncreeperwoods":2,"minecraft:cobblestone":6,"duneons:azure_crystal":2,"minecraft:iron_door":1,"minecraft:wall_torch":17,"minecraft:skeleton_skull":1,"duneons:icefortlamp":1,"minecraft:blue_ice":13,"duneons:creeperwoodstallgrass":25,"minecraft:grass":21,"minecraft:oak_log":3,"minecraft:beetroots":1,"duneons:bluebook_2":1,"minecraft:dirt":8,"duneons:dungeonscharreddirt":19,"duneons:redgoldvangardcarpet":1,"minecraft:oak_leaves":9,"minecraft:deepslate":59,"duneons:tombstone":2,"duneons:bigclayvase":1,"iceandfire:silver_ore":3,"minecraft:deepslate_diamond_ore":1,"duneons:fenceend":1,"duneons:spideregg":1,"iceandfire:frozen_cobblestone":3,"gravestone:gravestone":9,"minecraft:dark_oak_fence":2,"iceandfire:frozen_stone":9,"minecraft:allium":1,"duneons:highlandtallgrass":2,"minecraft:spruce_leaves":12,"minecraft:large_fern":3,"minecraft:hay_block":13,"farmersdelight:wild_onions":4,"minecraft:furnace":1,"duneons:red_stone_golem_skull":2,"duneons:books":1,"duneons:shieldmobspawner":1,"minecraft:bookshelf":37,"minecraft:deepslate_iron_ore":15,"duneons:mossendirt":11,"duneons:tablecloth":1,"minecraft:stone":110,"duneons:clayvase":4,"minecraft:oak_slab":3,"duneons:coins":1,"iceandfire:frozen_gravel":1,"minecraft:crafting_table":3,"duneons:applebox":1,"duneons:bluevase":1,"minecraft:copper_ore":2,"minecraft:tall_grass":7,"duneons:bookshelfdun":1,"duneons:berries":4,"duneons:blockchest":1,"minecraft:birch_planks":1,"duneons:wrapped_gift":1,"duneons:brownbook":1,"duneons:whitespideregg":2,"minecraft:sweet_berry_bush":10,"minecraft:ice":1,"minecraft:spruce_log":21,"minecraft:coal_ore":17,"iceandfire:silver_pile":58,"minecraft:flower_pot":1,"duneons:teapot":1,"minecraft:stone_bricks":8,"minecraft:mossy_stone_bricks":1,"minecraft:fern":17},"minecraft:dropped":{"duneons:miniredstonegolem":1,"minecraft:diamond":2,"duneons:halberd":1,"iceandfire:ice_dragon_flesh":1,"minecraft:leather":5,"minecraft:emerald":32,"minecraft:dark_oak_log":18,"minecraft:dark_oak_fence":2,"minecraft:mutton":5,"gravestone:obituary":8,"farmersdelight:onion":2,"minecraft:iron_pickaxe":1,"duneons:skeletonspear":1,"minecraft:gold_ingot":38,"duneons:royaleshield":1,"minecraft:cobbled_deepslate":20,"minecraft:wheat":2,"duneons:brownbook":3,"duneons:applebox":1,"duneons:gateblock":1,"minecraft:carrot":1,"duneons:energybag":1,"minecraft:poppy":2,"supplementaries:flax_seeds":2,"minecraft:skeleton_skull":1,"minecraft:chest":1,"iceandfire:bestiary":1,"duneons:crumsoncoresword":1,"minecraft:egg":2,"iceandfire:manuscript":11,"minecraft:enchanted_book":1,"minecraft:iron_ingot":5,"minecraft:bread":14,"iceandfire:dragonscales_sapphire":12,"minecraft:wheat_seeds":3,"duneons:purplevangardpotion":1,"duneons:soul_scythe":1,"minecraft:feather":2,"minecraft:iron_helmet":2,"minecraft:cobblestone":136,"duneons:lobbydirtystone":1,"minecraft:torch":4,"minecraft:string":10,"duneons:featherblue":1,"minecraft:spruce_sapling":2,"minecraft:redstone":10,"iceandfire:silver_nugget":7,"minecraft:furnace":1,"duneons:goldmace":1,"duneons:bluevase":1,"duneons:red_stone_golem_skull":2,"minecraft:raw_copper":18,"minecraft:bowl":2,"duneons:redgoldvangard":3,"minecraft:raw_iron":18,"duneons:magicwand":1,"minecraft:chicken":2,"iceandfire:troll_tusk":1,"duneons:bookshelfdun":1,"minecraft:stone":3,"minecraft:shield":3,"minecraft:flower_pot":2,"minecraft:allium":9,"minecraft:spruce_planks":49,"minecraft:stone_pickaxe":2,"minecraft:wooden_pickaxe":2},"minecraft:custom":{"minecraft:interact_with_crafting_table":24,"minecraft:time_since_death":3101,"minecraft:sprint_one_cm":252007,"minecraft:damage_blocked_by_shield":370,"minecraft:drop":150,"minecraft:play_time":119603,"minecraft:deaths":10,"minecraft:jump":1460,"minecraft:interact_with_brewingstand":1,"minecraft:walk_on_water_one_cm":65704,"minecraft:interact_with_furnace":11,"minecraft:sleep_in_bed":3,"minecraft:damage_dealt":7687,"minecraft:crouch_one_cm":15564,"minecraft:mob_kills":22,"minecraft:climb_one_cm":466,"minecraft:walk_one_cm":320537,"minecraft:damage_dealt_absorbed":26,"minecraft:sneak_time":8060,"minecraft:walk_under_water_one_cm":30148,"minecraft:total_world_time":119603,"minecraft:interact_with_grindstone":1,"minecraft:time_since_rest":3125,"minecraft:damage_taken":5070,"minecraft:swim_one_cm":57975,"minecraft:fly_one_cm":234944,"minecraft:open_chest":57,"minecraft:fall_one_cm":55018},"minecraft:picked_up":{"duneons:lobbydirtystone":2,"minecraft:flower_pot":2,"minecraft:suspicious_stew":1,"minecraft:stone_brick_stairs":2,"duneons:redgoldvangard":3,"minecraft:brewing_stand":2,"minecraft:string":10,"duneons:coin":8,"duneons:ashblock":4,"minecraft:raw_copper":42,"minecraft:gold_nugget":341,"minecraft:cobbled_deepslate":99,"minecraft:spruce_planks":1,"minecraft:iron_pickaxe":3,"iceandfire:frozen_gravel":1,"duneons:smallbow":1,"minecraft:furnace":1,"duneons:sanctumstonecutgilded":1,"minecraft:stick":5,"duneons:bluevase":1,"minecraft:torch":43,"minecraft:porkchop":4,"duneons:magicwand":3,"minecraft:diorite":3,"duneons:firepumkin":1,"minecraft:rotten_flesh":3,"farmersdelight:onion":4,"duneons:soul_scythe":3,"duneons:goldmace":3,"minecraft:snowball":3,"minecraft:cobblestone":196,"duneons:crystalblue":4,"minecraft:feather":4,"minecraft:iron_door":1,"minecraft:tuff":10,"duneons:purplevangardpotion":3,"supplementaries:flax_seeds":6,"duneons:fencecorner":2,"duneons:tablecloth":1,"minecraft:lapis_lazuli":42,"minecraft:dirt":10,"duneons:golemruin":1,"minecraft:bone":5,"duneons:mossendirt":12,"minecraft:wheat_seeds":5,"duneons:red_stone_golem_skull":4,"iceandfire:dragonscales_sapphire":12,"minecraft:dark_oak_log":9,"iceandfire:frozen_dirt":1,"minecraft:mossy_cobblestone":1,"duneons:gateblock":1,"minecraft:diamond":3,"iceandfire:lectern":1,"iceandfire:dragon_ice":2,"minecraft:emerald":25,"minecraft:oak_sapling":1,"minecraft:dark_oak_fence":2,"iceandfire:silver_nugget":598,"iceandfire:raw_silver":3,"duneons:highlandberries":1,"duneons:icefortlamp":1,"minecraft:crafting_table":4,"minecraft:allium":9,"minecraft:chicken":2,"minecraft:wooden_pickaxe":4,"iceandfire:frozen_cobblestone":3,"gravestone:obituary":5,"minecraft:shield":3,"iceandfire:frozen_stone":9,"duneons:whitespideregg":2,"minecraft:beef":3,"duneons:redgoldvangardcarpet":1,"duneons:bookshelfvangard":3,"minecraft:poppy":2,"minecraft:light_gray_wool":2,"duneons:supportbeamwood":1,"duneons:bookshelfdun":1,"minecraft:egg":2,"minecraft:raw_iron":19,"minecraft:stone":3,"iceandfire:troll_tusk":1,"minecraft:bowl":1,"minecraft:redstone":10,"minecraft:arrow":2,"minecraft:beetroot_seeds":1,"duneons:desertvase":1,"minecraft:hay_block":13,"duneons:halberd":1,"minecraft:mutton":7,"duneons:brownbook":3,"minecraft:skeleton_skull":1,"minecraft:white_wool":6,"duneons:dungeonscharreddirt":28,"minecraft:salmon":1,"duneons:applebox":1,"duneons:wrapped_gift":1,"minecraft:oak_log":3,"minecraft:cobblestone_stairs":1,"duneons:charredgrassblock":2,"minecraft:red_carpet":5,"minecraft:stone_bricks":16,"duneons:crumsoncoresword":1,"minecraft:iron_ingot":20,"minecraft:stone_pickaxe":4,"duneons:mountaineeraxeiron":1,"iceandfire:armor_white_helmet":1,"minecraft:book":212,"duneons:keydiamond":4,"minecraft:oak_slab":3,"duneons:dungeonscharredcobblestone":3,"minecraft:sweet_berries":33,"minecraft:spruce_sapling":2,"minecraft:white_bed":4,"minecraft:spruce_log":33,"minecraft:stone_axe":1,"duneons:featherblue":1,"minecraft:iron_helmet":1,"iceandfire:ice_dragon_flesh":4,"duneons:miniredstonegolem":3,"minecraft:coal":14},"minecraft:killed":{"minecraft:spider":1,"minecraft:skeleton":1,"minecraft:chicken":2,"minecraft:pig":2,"minecraft:salmon":1,"minecraft:iron_golem":1,"duneons:mountaineer":4,"minecraft:sheep":2,"minecraft:pillager":1,"minecraft:zombie":1,"minecraft:cow":3,"duneons:squallgolem":1,"duneons:gift_wrapper":1},"minecraft:used":{"iceandfire:lectern":1,"minecraft:shield":2,"minecraft:mutton":2,"minecraft:carrot":21,"duneons:icefortlamp":1,"minecraft:snowball":3,"duneons:crystalblue":4,"duneons:supportbeamwood":1,"duneons:halberd":10,"minecraft:stone_brick_stairs":2,"minecraft:stone_bricks":12,"minecraft:red_carpet":5,"duneons:fencecorner":1,"minecraft:sweet_berries":38,"minecraft:furnace":1,"minecraft:oak_sapling":1,"duneons:mossendirt":10,"minecraft:diorite":3,"duneons:bookshelfvangard":3,"duneons:desertvase":1,"iceandfire:frozen_gravel":1,"minecraft:stone_pickaxe":150,"duneons:miniredstonegolem":2,"duneons:tablecloth":1,"minecraft:white_wool":2,"minecraft:bread":22,"duneons:red_stone_golem_skull":2,"minecraft:cobweb":9,"duneons:highlandberries":8,"duneons:dungeonscharreddirt":16,"minecraft:torch":41,"duneons:redgoldvangardcarpet":1,"minecraft:brewing_stand":1,"minecraft:dirt":7,"duneons:whitespideregg":2,"duneons:goldmace":59,"duneons:soul_scythe":45,"duneons:mountaineeraxeiron":1,"duneons:sanctumstonecutgilded":1,"iceandfire:dragon_ice":2,"minecraft:gunpowder":2,"minecraft:beef":3,"duneons:golemruin":1,"minecraft:salmon":1,"farmersdelight:onion":4,"minecraft:crafting_table":6,"minecraft:oak_slab":3,"minecraft:white_bed":4,"minecraft:oak_log":2,"minecraft:iron_pickaxe":308,"minecraft:suspicious_stew":1,"minecraft:stone_axe":132,"minecraft:cobblestone":1,"minecraft:porkchop":4,"duneons:wrapped_gift":1,"duneons:featherblue":1}},"DataVersion":3465}