{"stats":{"minecraft:crafted":{"minecraft:furnace":1,"iceandfire:armor_silver_metal_chestplate":1,"iceandfire:armor_silver_metal_leggings":1,"minecraft:stone_pickaxe":2,"iceandfire:armor_silver_metal_boots":1,"minecraft:wheat":117,"iceandfire:silver_ingot":26,"minecraft:crafting_table":3,"minecraft:spruce_planks":52,"minecraft:stone_axe":1,"minecraft:bread":41,"minecraft:air":0,"iceandfire:armor_silver_metal_helmet":1,"minecraft:charcoal":1,"minecraft:shield":1,"minecraft:stick":4,"minecraft:iron_ingot":1,"minecraft:gold_ingot":38,"minecraft:white_bed":1,"minecraft:torch":4},"minecraft:killed_by":{"minecraft:player":1,"minecraft:iron_golem":1,"minecraft:skeleton":1},"minecraft:broken":{"duneons:mountaineeraxeiron":1},"minecraft:mined":{"duneons:bigclayvase":1,"duneons:golemruin_3":1,"minecraft:spruce_planks":1,"minecraft:white_bed":3,"minecraft:deepslate_diamond_ore":1,"duneons:ashblock":5,"duneons:fenceend":1,"minecraft:cobblestone_stairs":1,"duneons:highlandgoldwood":1,"duneons:spideregg":1,"minecraft:brewing_stand":1,"minecraft:dark_oak_fence":2,"gravestone:gravestone":6,"minecraft:allium":1,"minecraft:grass_block":2,"duneons:highlandtallgrass":2,"iceandfire:lectern":1,"minecraft:spruce_leaves":12,"duneons:sanctumstonecutgilded":1,"minecraft:chiseled_stone_bricks":1,"minecraft:spawner":1,"minecraft:hay_block":13,"minecraft:large_fern":3,"duneons:redgoldvangard":1,"farmersdelight:wild_onions":4,"duneons:charredgrassblock":2,"minecraft:furnace":1,"duneons:red_stone_golem_skull":2,"minecraft:iron_ore":3,"minecraft:fire":3,"duneons:vangardcarpetblock":1,"duneons:books":1,"minecraft:deepslate_lapis_ore":7,"duneons:shieldmobspawner":1,"minecraft:bookshelf":37,"minecraft:deepslate_iron_ore":14,"iceandfire:gold_pile":37,"duneons:mossendirt":11,"duneons:gift_wrap":1,"duneons:tablecloth":1,"minecraft:stone":71,"duneons:gateblock":1,"minecraft:deepslate_redstone_ore":2,"duneons:clayvase":4,"minecraft:oak_slab":3,"duneons:vasedungeon":1,"duneons:claycap":1,"duneons:coins":1,"iceandfire:dragon_ice_spikes":5,"minecraft:clay":1,"minecraft:crafting_table":3,"minecraft:torch":6,"iceandfire:frozen_dirt":1,"duneons:applebox":1,"supplementaries:wild_flax":3,"duneons:bluevase":1,"minecraft:tall_grass":7,"duneons:ferncreeperwoods":2,"minecraft:copper_ore":1,"minecraft:cobblestone":5,"duneons:azure_crystal":2,"duneons:bookshelfdun":1,"minecraft:iron_door":1,"minecraft:wall_torch":15,"duneons:berries":4,"minecraft:skeleton_skull":1,"minecraft:birch_planks":1,"duneons:blockchest":1,"duneons:wrapped_gift":1,"minecraft:blue_ice":13,"duneons:icefortlamp":1,"duneons:brownbook":1,"minecraft:sweet_berry_bush":10,"duneons:whitespideregg":2,"minecraft:spruce_log":16,"duneons:creeperwoodstallgrass":25,"minecraft:grass":20,"minecraft:coal_ore":13,"minecraft:oak_log":3,"iceandfire:silver_pile":46,"minecraft:beetroots":1,"minecraft:dirt":8,"minecraft:flower_pot":1,"duneons:bluebook_2":1,"duneons:teapot":1,"duneons:dungeonscharreddirt":19,"minecraft:stone_bricks":8,"minecraft:deepslate":17,"minecraft:mossy_stone_bricks":1,"minecraft:oak_leaves":9,"duneons:redgoldvangardcarpet":1,"minecraft:fern":16,"duneons:tombstone":2},"minecraft:dropped":{"minecraft:enchanted_book":1,"minecraft:iron_ingot":5,"minecraft:bread":1,"iceandfire:dragonscales_sapphire":12,"minecraft:wheat_seeds":3,"minecraft:iron_helmet":1,"duneons:purplevangardpotion":1,"duneons:soul_scythe":1,"minecraft:feather":2,"minecraft:cobblestone":128,"minecraft:emerald":4,"minecraft:dark_oak_log":18,"duneons:lobbydirtystone":1,"minecraft:dark_oak_fence":2,"minecraft:torch":4,"minecraft:mutton":5,"gravestone:obituary":8,"duneons:skeletonspear":1,"minecraft:string":8,"duneons:featherblue":1,"minecraft:spruce_sapling":2,"minecraft:gold_ingot":38,"iceandfire:silver_nugget":7,"minecraft:furnace":1,"duneons:goldmace":1,"duneons:bluevase":1,"minecraft:raw_copper":1,"minecraft:bowl":2,"duneons:redgoldvangard":3,"minecraft:wheat":2,"minecraft:chicken":2,"duneons:brownbook":3,"iceandfire:troll_tusk":1,"duneons:applebox":1,"duneons:gateblock":1,"minecraft:carrot":1,"duneons:bookshelfdun":1,"duneons:energybag":1,"minecraft:poppy":2,"supplementaries:flax_seeds":2,"minecraft:stone":3,"minecraft:shield":1,"minecraft:flower_pot":2,"minecraft:skeleton_skull":1,"minecraft:spruce_planks":29,"duneons:crumsoncoresword":1,"minecraft:stone_pickaxe":2,"minecraft:wooden_pickaxe":2},"minecraft:custom":{"minecraft:mob_kills":21,"minecraft:interact_with_crafting_table":19,"minecraft:time_since_death":19159,"minecraft:sprint_one_cm":213964,"minecraft:damage_blocked_by_shield":10,"minecraft:walk_one_cm":254816,"minecraft:drop":110,"minecraft:damage_dealt_absorbed":26,"minecraft:play_time":95603,"minecraft:deaths":7,"minecraft:sneak_time":5080,"minecraft:walk_under_water_one_cm":28795,"minecraft:jump":1217,"minecraft:interact_with_brewingstand":1,"minecraft:walk_on_water_one_cm":51584,"minecraft:total_world_time":95603,"minecraft:interact_with_furnace":11,"minecraft:interact_with_grindstone":1,"minecraft:sleep_in_bed":3,"minecraft:time_since_rest":19190,"minecraft:damage_taken":3420,"minecraft:damage_dealt":6702,"minecraft:swim_one_cm":48070,"minecraft:fly_one_cm":212903,"minecraft:open_chest":35,"minecraft:crouch_one_cm":7922,"minecraft:fall_one_cm":41283},"minecraft:picked_up":{"duneons:icefortlamp":1,"duneons:highlandberries":1,"minecraft:crafting_table":4,"minecraft:allium":9,"duneons:lobbydirtystone":2,"minecraft:chicken":2,"minecraft:flower_pot":2,"minecraft:suspicious_stew":1,"minecraft:wooden_pickaxe":4,"minecraft:stone_brick_stairs":2,"gravestone:obituary":3,"duneons:redgoldvangard":3,"minecraft:brewing_stand":2,"minecraft:shield":1,"duneons:coin":8,"minecraft:string":8,"duneons:ashblock":4,"minecraft:raw_copper":25,"duneons:whitespideregg":2,"minecraft:gold_nugget":323,"minecraft:cobbled_deepslate":17,"minecraft:spruce_planks":1,"minecraft:beef":3,"duneons:redgoldvangardcarpet":1,"duneons:bookshelfvangard":3,"minecraft:poppy":2,"minecraft:iron_pickaxe":2,"minecraft:light_gray_wool":2,"duneons:smallbow":1,"duneons:bookshelfdun":1,"duneons:supportbeamwood":1,"duneons:sanctumstonecutgilded":1,"minecraft:furnace":1,"minecraft:raw_iron":18,"minecraft:stick":5,"minecraft:stone":3,"iceandfire:troll_tusk":1,"duneons:bluevase":1,"minecraft:bowl":1,"minecraft:torch":28,"minecraft:porkchop":4,"duneons:magicwand":2,"minecraft:redstone":10,"minecraft:rotten_flesh":1,"minecraft:arrow":2,"minecraft:beetroot_seeds":1,"farmersdelight:onion":4,"duneons:desertvase":1,"minecraft:hay_block":13,"duneons:soul_scythe":2,"minecraft:snowball":3,"duneons:goldmace":3,"minecraft:mutton":7,"minecraft:white_wool":6,"minecraft:skeleton_skull":1,"duneons:brownbook":3,"minecraft:cobblestone":157,"duneons:dungeonscharreddirt":28,"duneons:crystalblue":4,"minecraft:feather":4,"minecraft:iron_door":1,"minecraft:salmon":1,"duneons:applebox":1,"duneons:wrapped_gift":1,"minecraft:oak_log":3,"duneons:purplevangardpotion":2,"supplementaries:flax_seeds":6,"duneons:fencecorner":2,"minecraft:cobblestone_stairs":1,"minecraft:lapis_lazuli":42,"duneons:tablecloth":1,"duneons:golemruin":1,"minecraft:dirt":10,"minecraft:bone":2,"duneons:charredgrassblock":2,"minecraft:red_carpet":5,"duneons:mossendirt":12,"minecraft:stone_bricks":16,"duneons:crumsoncoresword":1,"minecraft:wheat_seeds":5,"minecraft:stone_pickaxe":4,"minecraft:iron_ingot":7,"duneons:mountaineeraxeiron":1,"duneons:keydiamond":2,"minecraft:book":212,"minecraft:oak_slab":3,"duneons:red_stone_golem_skull":2,"minecraft:sweet_berries":33,"iceandfire:dragonscales_sapphire":12,"minecraft:spruce_sapling":2,"minecraft:white_bed":4,"minecraft:spruce_log":28,"iceandfire:frozen_dirt":1,"minecraft:dark_oak_log":9,"minecraft:mossy_cobblestone":1,"duneons:gateblock":1,"minecraft:diamond":1,"duneons:featherblue":1,"iceandfire:lectern":1,"minecraft:stone_axe":1,"iceandfire:dragon_ice":1,"minecraft:iron_helmet":1,"iceandfire:ice_dragon_flesh":3,"minecraft:emerald":11,"iceandfire:silver_nugget":420,"minecraft:oak_sapling":1,"duneons:miniredstonegolem":1,"minecraft:coal":11,"minecraft:dark_oak_fence":2},"minecraft:killed":{"minecraft:skeleton":1,"duneons:squallgolem":1,"minecraft:chicken":2,"minecraft:pig":2,"minecraft:salmon":1,"minecraft:iron_golem":1,"duneons:mountaineer":4,"minecraft:sheep":2,"minecraft:pillager":1,"minecraft:zombie":1,"duneons:gift_wrapper":1,"minecraft:cow":3},"minecraft:used":{"iceandfire:lectern":1,"minecraft:shield":1,"duneons:dungeonscharreddirt":16,"minecraft:torch":27,"duneons:redgoldvangardcarpet":1,"minecraft:brewing_stand":1,"minecraft:dirt":7,"minecraft:mutton":2,"duneons:whitespideregg":2,"duneons:icefortlamp":1,"minecraft:carrot":20,"duneons:goldmace":54,"minecraft:snowball":3,"duneons:soul_scythe":45,"duneons:mountaineeraxeiron":1,"duneons:crystalblue":4,"duneons:sanctumstonecutgilded":1,"duneons:supportbeamwood":1,"minecraft:stone_brick_stairs":2,"minecraft:stone_bricks":12,"minecraft:red_carpet":5,"duneons:fencecorner":1,"minecraft:beef":3,"minecraft:sweet_berries":38,"duneons:golemruin":1,"minecraft:oak_sapling":1,"minecraft:furnace":1,"duneons:mossendirt":10,"duneons:bookshelfvangard":3,"duneons:desertvase":1,"minecraft:stone_pickaxe":150,"duneons:miniredstonegolem":1,"duneons:tablecloth":1,"minecraft:white_wool":2,"minecraft:salmon":1,"farmersdelight:onion":4,"minecraft:oak_slab":3,"minecraft:crafting_table":6,"minecraft:white_bed":4,"minecraft:oak_log":2,"minecraft:bread":7,"minecraft:suspicious_stew":1,"minecraft:iron_pickaxe":189,"minecraft:stone_axe":125,"duneons:red_stone_golem_skull":2,"minecraft:porkchop":4,"duneons:wrapped_gift":1,"duneons:featherblue":1,"duneons:highlandberries":8,"minecraft:cobweb":9}},"DataVersion":3465}