{"stats":{"minecraft:crafted":{"minecraft:furnace":1,"minecraft:stone_pickaxe":1,"minecraft:crafting_table":1,"minecraft:spruce_planks":28,"minecraft:stone_axe":1,"minecraft:air":0,"minecraft:charcoal":1,"minecraft:stick":4,"minecraft:white_bed":1,"minecraft:torch":4},"minecraft:mined":{"minecraft:spruce_planks":1,"minecraft:white_bed":2,"duneons:fenceend":1,"duneons:highlandgoldwood":1,"duneons:spideregg":1,"minecraft:brewing_stand":1,"gravestone:gravestone":1,"minecraft:grass_block":1,"duneons:highlandtallgrass":2,"minecraft:spruce_leaves":12,"minecraft:large_fern":3,"duneons:redgoldvangard":1,"minecraft:furnace":1,"duneons:red_stone_golem_skull":2,"minecraft:fire":1,"duneons:vangardcarpetblock":1,"duneons:books":1,"duneons:shieldmobspawner":1,"minecraft:bookshelf":37,"duneons:mossendirt":11,"duneons:gift_wrap":1,"duneons:tablecloth":1,"minecraft:stone":68,"duneons:gateblock":1,"minecraft:oak_slab":3,"duneons:vasedungeon":1,"duneons:claycap":1,"minecraft:clay":1,"minecraft:crafting_table":3,"minecraft:torch":2,"duneons:applebox":1,"supplementaries:wild_flax":2,"duneons:bluevase":1,"minecraft:copper_ore":1,"minecraft:cobblestone":5,"duneons:bookshelfdun":1,"minecraft:wall_torch":7,"minecraft:skeleton_skull":1,"duneons:blockchest":1,"duneons:brownbook":1,"minecraft:sweet_berry_bush":10,"duneons:whitespideregg":2,"minecraft:spruce_log":14,"duneons:creeperwoodstallgrass":16,"minecraft:grass":7,"minecraft:dirt":5,"minecraft:flower_pot":1,"duneons:bluebook_2":1,"duneons:teapot":1,"duneons:dungeonscharreddirt":17,"minecraft:stone_bricks":5,"minecraft:mossy_stone_bricks":1,"minecraft:oak_leaves":3,"duneons:redgoldvangardcarpet":1,"minecraft:fern":16},"minecraft:dropped":{"minecraft:wheat_seeds":2,"minecraft:cobblestone":64,"minecraft:torch":2,"minecraft:mutton":5,"gravestone:obituary":2,"minecraft:spruce_sapling":2,"minecraft:furnace":1,"duneons:bluevase":1,"minecraft:raw_copper":1,"minecraft:bowl":2,"duneons:redgoldvangard":1,"minecraft:chicken":2,"duneons:brownbook":3,"duneons:applebox":1,"duneons:gateblock":1,"duneons:bookshelfdun":1,"supplementaries:flax_seeds":2,"minecraft:flower_pot":2,"minecraft:skeleton_skull":1,"minecraft:spruce_planks":19,"duneons:crumsoncoresword":1,"minecraft:stone_pickaxe":1,"minecraft:wooden_pickaxe":1},"minecraft:custom":{"minecraft:mob_kills":10,"minecraft:interact_with_crafting_table":7,"minecraft:time_since_death":15074,"minecraft:sprint_one_cm":103740,"minecraft:walk_one_cm":116424,"minecraft:drop":32,"minecraft:play_time":47603,"minecraft:deaths":1,"minecraft:sneak_time":2436,"minecraft:walk_under_water_one_cm":18860,"minecraft:jump":530,"minecraft:interact_with_brewingstand":1,"minecraft:walk_on_water_one_cm":38029,"minecraft:total_world_time":47603,"minecraft:interact_with_furnace":3,"minecraft:sleep_in_bed":2,"minecraft:time_since_rest":15101,"minecraft:damage_taken":955,"minecraft:damage_dealt":1869,"minecraft:swim_one_cm":40381,"minecraft:fly_one_cm":88225,"minecraft:open_chest":1,"minecraft:crouch_one_cm":3326,"minecraft:fall_one_cm":12382},"minecraft:picked_up":{"minecraft:crafting_table":3,"duneons:lobbydirtystone":1,"minecraft:chicken":2,"minecraft:flower_pot":2,"minecraft:suspicious_stew":1,"minecraft:wooden_pickaxe":2,"minecraft:stone_brick_stairs":2,"gravestone:obituary":1,"duneons:redgoldvangard":1,"minecraft:brewing_stand":1,"minecraft:raw_copper":13,"duneons:whitespideregg":2,"minecraft:spruce_planks":1,"minecraft:beef":3,"duneons:redgoldvangardcarpet":1,"minecraft:iron_pickaxe":1,"minecraft:light_gray_wool":1,"duneons:bookshelfdun":1,"duneons:supportbeamwood":1,"minecraft:furnace":1,"minecraft:stick":2,"duneons:bluevase":1,"minecraft:bowl":1,"minecraft:torch":11,"minecraft:porkchop":4,"duneons:magicwand":1,"duneons:soul_scythe":1,"duneons:goldmace":1,"minecraft:mutton":6,"minecraft:white_wool":4,"minecraft:skeleton_skull":1,"duneons:brownbook":3,"minecraft:cobblestone":87,"duneons:dungeonscharreddirt":20,"minecraft:feather":2,"minecraft:salmon":1,"duneons:applebox":1,"duneons:purplevangardpotion":1,"supplementaries:flax_seeds":4,"duneons:fencecorner":1,"duneons:tablecloth":1,"minecraft:dirt":6,"minecraft:red_carpet":5,"duneons:mossendirt":11,"minecraft:stone_bricks":14,"duneons:crumsoncoresword":1,"minecraft:wheat_seeds":2,"minecraft:stone_pickaxe":2,"minecraft:iron_ingot":2,"duneons:mountaineeraxeiron":1,"minecraft:book":106,"minecraft:oak_slab":3,"duneons:red_stone_golem_skull":2,"minecraft:sweet_berries":25,"minecraft:spruce_sapling":2,"minecraft:white_bed":2,"minecraft:spruce_log":20,"duneons:gateblock":1,"duneons:miniredstonegolem":1},"minecraft:killed":{"minecraft:chicken":2,"minecraft:pig":2,"minecraft:salmon":1,"duneons:mountaineer":3,"minecraft:sheep":1,"minecraft:cow":1},"minecraft:used":{"duneons:dungeonscharreddirt":16,"minecraft:torch":13,"duneons:redgoldvangardcarpet":1,"minecraft:dirt":6,"minecraft:mutton":1,"duneons:whitespideregg":2,"duneons:goldmace":15,"duneons:supportbeamwood":1,"minecraft:stone_brick_stairs":2,"minecraft:stone_bricks":12,"minecraft:red_carpet":5,"minecraft:beef":3,"minecraft:sweet_berries":38,"minecraft:furnace":1,"duneons:mossendirt":10,"minecraft:stone_pickaxe":145,"duneons:miniredstonegolem":1,"duneons:tablecloth":1,"minecraft:salmon":1,"minecraft:oak_slab":3,"minecraft:crafting_table":3,"minecraft:white_bed":2,"minecraft:suspicious_stew":1,"minecraft:iron_pickaxe":7,"minecraft:stone_axe":110,"duneons:red_stone_golem_skull":2,"minecraft:porkchop":4,"duneons:highlandberries":5}},"DataVersion":3465}