{"stats":{"minecraft:crafted":{"minecraft:charcoal":1,"minecraft:crafting_table":1,"minecraft:stick":4,"minecraft:spruce_planks":28,"minecraft:stone_pickaxe":1,"minecraft:furnace":1,"minecraft:white_bed":1,"minecraft:torch":4,"minecraft:stone_axe":1,"minecraft:air":0},"minecraft:mined":{"minecraft:large_fern":3,"minecraft:white_bed":1,"minecraft:furnace":1,"minecraft:sweet_berry_bush":9,"minecraft:spruce_log":14,"minecraft:crafting_table":3,"minecraft:grass":7,"minecraft:grass_block":1,"duneons:mossendirt":10,"supplementaries:wild_flax":2,"minecraft:copper_ore":1,"minecraft:spruce_leaves":12,"duneons:dungeonscharreddirt":11,"minecraft:stone":46,"minecraft:fern":13},"minecraft:dropped":{"minecraft:raw_copper":1,"minecraft:stone_pickaxe":1},"minecraft:picked_up":{"duneons:dungeonscharreddirt":13,"minecraft:stick":2,"minecraft:crafting_table":3,"minecraft:feather":2,"minecraft:chicken":2,"minecraft:sweet_berries":16,"minecraft:salmon":1,"minecraft:porkchop":4,"supplementaries:flax_seeds":2,"minecraft:spruce_sapling":2,"minecraft:white_bed":1,"minecraft:spruce_log":20,"minecraft:raw_copper":3,"duneons:mossendirt":10,"minecraft:wheat_seeds":1,"minecraft:stone_pickaxe":1,"minecraft:light_gray_wool":1,"minecraft:mutton":6,"minecraft:white_wool":3,"minecraft:cobblestone":54,"minecraft:furnace":1},"minecraft:custom":{"minecraft:time_since_rest":8974,"minecraft:interact_with_furnace":2,"minecraft:sprint_one_cm":55498,"minecraft:damage_taken":40,"minecraft:walk_one_cm":39875,"minecraft:mob_kills":6,"minecraft:drop":2,"minecraft:damage_dealt":350,"minecraft:swim_one_cm":12549,"minecraft:interact_with_crafting_table":6,"minecraft:fly_one_cm":39887,"minecraft:crouch_one_cm":541,"minecraft:play_time":17603,"minecraft:sneak_time":386,"minecraft:walk_under_water_one_cm":3861,"minecraft:jump":240,"minecraft:walk_on_water_one_cm":6168,"minecraft:time_since_death":17603,"minecraft:sleep_in_bed":1,"minecraft:total_world_time":17603,"minecraft:fall_one_cm":4735},"minecraft:killed":{"minecraft:sheep":1,"minecraft:pig":2,"minecraft:chicken":2,"minecraft:salmon":1},"minecraft:used":{"duneons:mossendirt":9,"minecraft:stone_pickaxe":90,"minecraft:stone_axe":28,"minecraft:mutton":1,"minecraft:sweet_berries":14,"minecraft:crafting_table":3,"minecraft:furnace":1,"minecraft:white_bed":1}},"DataVersion":3465}