{"stats":{"minecraft:crafted":{"minecraft:crafting_table":1,"minecraft:spruce_planks":28},"minecraft:mined":{"minecraft:spruce_leaves":3,"minecraft:spruce_log":7,"duneons:mossendirt":10},"minecraft:picked_up":{"minecraft:spruce_log":7,"duneons:mossendirt":10},"minecraft:custom":{"minecraft:jump":39,"minecraft:time_since_rest":5603,"minecraft:crouch_one_cm":516,"minecraft:sprint_one_cm":7766,"minecraft:play_time":5603,"minecraft:time_since_death":5603,"minecraft:walk_one_cm":12320,"minecraft:sneak_time":325,"minecraft:total_world_time":5603,"minecraft:interact_with_crafting_table":1,"minecraft:fall_one_cm":267,"minecraft:fly_one_cm":2592},"minecraft:used":{"duneons:mossendirt":9,"minecraft:crafting_table":1}},"DataVersion":3465}